[Thu Jun 25 14:00:01 PDT 2026] Starting backup → /home/jb/DSAT_REDUX_MD/backups/dsat_dev_20260625_140001.dump
[Thu Jun 25 14:00:02 PDT 2026] Backup complete: /home/jb/DSAT_REDUX_MD/backups/dsat_dev_20260625_140001.dump (1.2M)
[Thu Jun 25 16:00:01 PDT 2026] Starting backup → /home/jb/DSAT_REDUX_MD/backups/dsat_dev_20260625_160001.dump
[Thu Jun 25 16:00:01 PDT 2026] Backup complete: /home/jb/DSAT_REDUX_MD/backups/dsat_dev_20260625_160001.dump (1.2M)
[Thu Jun 25 18:00:01 PDT 2026] Starting backup → /home/jb/DSAT_REDUX_MD/backups/dsat_dev_20260625_180001.dump
[Thu Jun 25 18:00:02 PDT 2026] Backup complete: /home/jb/DSAT_REDUX_MD/backups/dsat_dev_20260625_180001.dump (1.2M)
[Thu Jun 25 20:00:01 PDT 2026] Starting backup → /home/jb/DSAT_REDUX_MD/backups/dsat_dev_20260625_200001.dump
[Thu Jun 25 20:01:03 PDT 2026] ERROR: container dsat-db not running — skipping backup
[Thu Jun 25 22:00:01 PDT 2026] Starting backup → /home/jb/DSAT_REDUX_MD/backups/dsat_dev_20260625_220001.dump
[Thu Jun 25 22:00:01 PDT 2026] Backup complete: /home/jb/DSAT_REDUX_MD/backups/dsat_dev_20260625_220001.dump (1.2M)
[Fri Jun 26 00:00:01 PDT 2026] Starting backup → /home/jb/DSAT_REDUX_MD/backups/dsat_dev_20260626_000001.dump
[Fri Jun 26 00:00:02 PDT 2026] Backup complete: /home/jb/DSAT_REDUX_MD/backups/dsat_dev_20260626_000001.dump (1.3M)
[Fri Jun 26 02:00:01 PDT 2026] Starting backup → /home/jb/DSAT_REDUX_MD/backups/dsat_dev_20260626_020001.dump
[Fri Jun 26 02:00:01 PDT 2026] Backup complete: /home/jb/DSAT_REDUX_MD/backups/dsat_dev_20260626_020001.dump (1.4M)
[Fri Jun 26 04:00:01 PDT 2026] Starting backup → /home/jb/DSAT_REDUX_MD/backups/dsat_dev_20260626_040001.dump
[Fri Jun 26 04:00:02 PDT 2026] Backup complete: /home/jb/DSAT_REDUX_MD/backups/dsat_dev_20260626_040001.dump (1.4M)
[Fri Jun 26 06:00:01 PDT 2026] Starting backup → /home/jb/DSAT_REDUX_MD/backups/dsat_dev_20260626_060001.dump
[Fri Jun 26 06:00:01 PDT 2026] Backup complete: /home/jb/DSAT_REDUX_MD/backups/dsat_dev_20260626_060001.dump (1.4M)
[Fri Jun 26 08:00:01 PDT 2026] Starting backup → /home/jb/DSAT_REDUX_MD/backups/dsat_dev_20260626_080001.dump
[Fri Jun 26 08:00:02 PDT 2026] Backup complete: /home/jb/DSAT_REDUX_MD/backups/dsat_dev_20260626_080001.dump (1.4M)
[Fri Jun 26 10:00:01 PDT 2026] Starting backup → /home/jb/DSAT_REDUX_MD/backups/dsat_dev_20260626_100001.dump
[Fri Jun 26 10:00:01 PDT 2026] Backup complete: /home/jb/DSAT_REDUX_MD/backups/dsat_dev_20260626_100001.dump (1.4M)
[Fri Jun 26 10:00:01 PDT 2026] Pruning old backup: /home/jb/DSAT_REDUX_MD/backups/dsat_dev_20260625_134426.dump
[Fri Jun 26 12:00:01 PDT 2026] Starting backup → /home/jb/DSAT_REDUX_MD/backups/dsat_dev_20260626_120001.dump
[Fri Jun 26 12:00:02 PDT 2026] Backup complete: /home/jb/DSAT_REDUX_MD/backups/dsat_dev_20260626_120001.dump (1.4M)
[Fri Jun 26 12:00:02 PDT 2026] Pruning old backup: /home/jb/DSAT_REDUX_MD/backups/dsat_dev_20260625_140001.dump
[Fri Jun 26 14:00:01 PDT 2026] Starting backup → /home/jb/DSAT_REDUX_MD/backups/dsat_dev_20260626_140001.dump
Error response from daemon: container c1b3de49754d971fc65bf9c40f08821f91807d86854caff5cd93a4f3e6a48a6b is not running
[Fri Jun 26 16:00:01 PDT 2026] Starting backup → /home/jb/DSAT_REDUX_MD/backups/dsat_dev_20260626_160001.dump
[Fri Jun 26 16:00:03 PDT 2026] Backup complete: /home/jb/DSAT_REDUX_MD/backups/dsat_dev_20260626_160001.dump (14M)
[Fri Jun 26 16:00:03 PDT 2026] Pruning old backup: /home/jb/DSAT_REDUX_MD/backups/dsat_dev_20260625_180001.dump
[Fri Jun 26 16:00:03 PDT 2026] Pruning old backup: /home/jb/DSAT_REDUX_MD/backups/dsat_dev_20260625_160001.dump
[Fri Jun 26 18:00:01 PDT 2026] Starting backup → /home/jb/DSAT_REDUX_MD/backups/dsat_dev_20260626_180001.dump
[Fri Jun 26 18:00:03 PDT 2026] Backup complete: /home/jb/DSAT_REDUX_MD/backups/dsat_dev_20260626_180001.dump (14M)
[Fri Jun 26 18:00:03 PDT 2026] Pruning old backup: /home/jb/DSAT_REDUX_MD/backups/dsat_dev_20260625_220001.dump
[Fri Jun 26 20:00:01 PDT 2026] Starting backup → /home/jb/DSAT_REDUX_MD/backups/dsat_dev_20260626_200001.dump
[Fri Jun 26 20:00:03 PDT 2026] Backup complete: /home/jb/DSAT_REDUX_MD/backups/dsat_dev_20260626_200001.dump (14M)
[Fri Jun 26 20:00:03 PDT 2026] Pruning old backup: /home/jb/DSAT_REDUX_MD/backups/dsat_dev_20260626_000001.dump
[Fri Jun 26 22:00:01 PDT 2026] Starting backup → /home/jb/DSAT_REDUX_MD/backups/dsat_dev_20260626_220001.dump
[Fri Jun 26 22:00:03 PDT 2026] Backup complete: /home/jb/DSAT_REDUX_MD/backups/dsat_dev_20260626_220001.dump (14M)
[Fri Jun 26 22:00:03 PDT 2026] Pruning old backup: /home/jb/DSAT_REDUX_MD/backups/dsat_dev_20260626_020001.dump
[Sat Jun 27 00:00:01 PDT 2026] Starting backup → /home/jb/DSAT_REDUX_MD/backups/dsat_dev_20260627_000001.dump
[Sat Jun 27 00:00:03 PDT 2026] Backup complete: /home/jb/DSAT_REDUX_MD/backups/dsat_dev_20260627_000001.dump (14M)
[Sat Jun 27 00:00:03 PDT 2026] Pruning old backup: /home/jb/DSAT_REDUX_MD/backups/dsat_dev_20260626_040001.dump
[Sat Jun 27 02:00:01 PDT 2026] Starting backup → /home/jb/DSAT_REDUX_MD/backups/dsat_dev_20260627_020001.dump
[Sat Jun 27 02:00:03 PDT 2026] Backup complete: /home/jb/DSAT_REDUX_MD/backups/dsat_dev_20260627_020001.dump (14M)
[Sat Jun 27 02:00:03 PDT 2026] Pruning old backup: /home/jb/DSAT_REDUX_MD/backups/dsat_dev_20260626_060001.dump
[Sat Jun 27 04:00:01 PDT 2026] Starting backup → /home/jb/DSAT_REDUX_MD/backups/dsat_dev_20260627_040001.dump
[Sat Jun 27 04:00:01 PDT 2026] ERROR: container dsat-db not running — skipping backup
[Sat Jun 27 06:00:01 PDT 2026] Starting backup → /home/jb/DSAT_REDUX_MD/backups/dsat_dev_20260627_060001.dump
[Sat Jun 27 06:00:01 PDT 2026] ERROR: container dsat-db not running — skipping backup
[Sat Jun 27 08:00:01 PDT 2026] Starting backup → /home/jb/DSAT_REDUX_MD/backups/dsat_dev_20260627_080001.dump
[Sat Jun 27 08:00:01 PDT 2026] ERROR: container dsat-db not running — skipping backup
[Sat Jun 27 10:00:01 PDT 2026] Starting backup → /home/jb/DSAT_REDUX_MD/backups/dsat_dev_20260627_100001.dump
[Sat Jun 27 10:00:01 PDT 2026] ERROR: container dsat-db not running — skipping backup
[Sat Jun 27 12:00:01 PDT 2026] Starting backup → /home/jb/DSAT_REDUX_MD/backups/dsat_dev_20260627_120001.dump
[Sat Jun 27 12:00:01 PDT 2026] ERROR: container dsat-db not running — skipping backup
[Sat Jun 27 14:00:01 PDT 2026] Starting backup → /home/jb/DSAT_REDUX_MD/backups/dsat_dev_20260627_140001.dump
[Sat Jun 27 14:00:01 PDT 2026] ERROR: container dsat-db not running — skipping backup
[Sat Jun 27 16:00:01 PDT 2026] Starting backup → /home/jb/DSAT_REDUX_MD/backups/dsat_dev_20260627_160001.dump
[Sat Jun 27 16:00:01 PDT 2026] ERROR: container dsat-db not running — skipping backup
[Sat Jun 27 18:00:01 PDT 2026] Starting backup → /home/jb/DSAT_REDUX_MD/backups/dsat_dev_20260627_180001.dump
[Sat Jun 27 18:00:01 PDT 2026] ERROR: container dsat-db not running — skipping backup
[Sat Jun 27 20:00:01 PDT 2026] Starting backup → /home/jb/DSAT_REDUX_MD/backups/dsat_dev_20260627_200001.dump
[Sat Jun 27 20:00:01 PDT 2026] ERROR: container dsat-db not running — skipping backup
[Sat Jun 27 22:00:01 PDT 2026] Starting backup → /home/jb/DSAT_REDUX_MD/backups/dsat_dev_20260627_220001.dump
[Sat Jun 27 22:00:01 PDT 2026] ERROR: container dsat-db not running — skipping backup
[Sun Jun 28 12:00:01 PDT 2026] Starting backup → /home/jb/DSAT_REDUX_MD/backups/dsat_dev_20260628_120001.dump
[Sun Jun 28 12:00:01 PDT 2026] ERROR: container dsat-db not running — skipping backup
[Sun Jun 28 14:00:01 PDT 2026] Starting backup → /home/jb/DSAT_REDUX_MD/backups/dsat_dev_20260628_140001.dump
[Sun Jun 28 14:00:01 PDT 2026] ERROR: container dsat-db not running — skipping backup
[Sun Jun 28 16:00:01 PDT 2026] Starting backup → /home/jb/DSAT_REDUX_MD/backups/dsat_dev_20260628_160001.dump
[Sun Jun 28 16:00:01 PDT 2026] ERROR: container dsat-db not running — skipping backup
[Sun Jun 28 18:00:01 PDT 2026] Starting backup → /home/jb/DSAT_REDUX_MD/backups/dsat_dev_20260628_180001.dump
[Sun Jun 28 18:00:01 PDT 2026] ERROR: container dsat-db not running — skipping backup
[Sun Jun 28 20:00:01 PDT 2026] Starting backup → /home/jb/DSAT_REDUX_MD/backups/dsat_dev_20260628_200001.dump
[Sun Jun 28 20:00:01 PDT 2026] ERROR: container dsat-db not running — skipping backup
[Sun Jun 28 22:00:01 PDT 2026] Starting backup → /home/jb/DSAT_REDUX_MD/backups/dsat_dev_20260628_220001.dump
[Sun Jun 28 22:00:01 PDT 2026] ERROR: container dsat-db not running — skipping backup
[Mon Jun 29 00:00:02 PDT 2026] Starting backup → /home/jb/DSAT_REDUX_MD/backups/dsat_dev_20260629_000002.dump
[Mon Jun 29 00:00:02 PDT 2026] ERROR: container dsat-db not running — skipping backup
[Mon Jun 29 02:00:01 PDT 2026] Starting backup → /home/jb/DSAT_REDUX_MD/backups/dsat_dev_20260629_020001.dump
[Mon Jun 29 02:00:01 PDT 2026] ERROR: container dsat-db not running — skipping backup
[Mon Jun 29 04:00:01 PDT 2026] Starting backup → /home/jb/DSAT_REDUX_MD/backups/dsat_dev_20260629_040001.dump
[Mon Jun 29 04:00:01 PDT 2026] ERROR: container dsat-db not running — skipping backup
[Mon Jun 29 06:00:02 PDT 2026] Starting backup → /home/jb/DSAT_REDUX_MD/backups/dsat_dev_20260629_060002.dump
[Mon Jun 29 06:00:02 PDT 2026] ERROR: container dsat-db not running — skipping backup
[Mon Jun 29 08:00:01 PDT 2026] Starting backup → /home/jb/DSAT_REDUX_MD/backups/dsat_dev_20260629_080001.dump
[Mon Jun 29 08:00:01 PDT 2026] ERROR: container dsat-db not running — skipping backup
[Mon Jun 29 10:00:01 PDT 2026] Starting backup → /home/jb/DSAT_REDUX_MD/backups/dsat_dev_20260629_100001.dump
[Mon Jun 29 10:00:01 PDT 2026] ERROR: container dsat-db not running — skipping backup
[Mon Jun 29 12:00:01 PDT 2026] Starting backup → /home/jb/DSAT_REDUX_MD/backups/dsat_dev_20260629_120001.dump
[Mon Jun 29 12:00:01 PDT 2026] ERROR: container dsat-db not running — skipping backup
[Mon Jun 29 14:00:01 PDT 2026] Starting backup → /home/jb/DSAT_REDUX_MD/backups/dsat_dev_20260629_140001.dump
[Mon Jun 29 14:00:01 PDT 2026] ERROR: container dsat-db not running — skipping backup
[Mon Jun 29 16:00:01 PDT 2026] Starting backup → /home/jb/DSAT_REDUX_MD/backups/dsat_dev_20260629_160001.dump
[Mon Jun 29 16:00:02 PDT 2026] ERROR: container dsat-db not running — skipping backup
[Mon Jun 29 18:00:01 PDT 2026] Starting backup → /home/jb/DSAT_REDUX_MD/backups/dsat_dev_20260629_180001.dump
Error response from daemon: container 1621113e43936c959f6dfb581a1121c93d0bc1fecba7fdb04450670d39bae05e is not running
[Mon Jun 29 20:00:01 PDT 2026] Starting backup → /home/jb/DSAT_REDUX_MD/backups/dsat_dev_20260629_200001.dump
[Mon Jun 29 20:00:03 PDT 2026] ERROR: container dsat-db not running — skipping backup
[Mon Jun 29 22:00:01 PDT 2026] Starting backup → /home/jb/DSAT_REDUX_MD/backups/dsat_dev_20260629_220001.dump
[Mon Jun 29 22:00:04 PDT 2026] ERROR: container dsat-db not running — skipping backup
[Tue Jun 30 00:00:01 PDT 2026] Starting backup → /home/jb/DSAT_REDUX_MD/backups/dsat_dev_20260630_000001.dump
[Tue Jun 30 00:00:03 PDT 2026] ERROR: container dsat-db not running — skipping backup
[Tue Jun 30 02:00:01 PDT 2026] Starting backup → /home/jb/DSAT_REDUX_MD/backups/dsat_dev_20260630_020001.dump
[Tue Jun 30 02:00:02 PDT 2026] ERROR: container dsat-db not running — skipping backup
[Tue Jun 30 04:00:01 PDT 2026] Starting backup → /home/jb/DSAT_REDUX_MD/backups/dsat_dev_20260630_040001.dump
[Tue Jun 30 04:00:02 PDT 2026] ERROR: container dsat-db not running — skipping backup
[Tue Jun 30 06:00:01 PDT 2026] Starting backup → /home/jb/DSAT_REDUX_MD/backups/dsat_dev_20260630_060001.dump
[Tue Jun 30 06:00:02 PDT 2026] ERROR: container dsat-db not running — skipping backup
[Tue Jun 30 08:00:01 PDT 2026] Starting backup → /home/jb/DSAT_REDUX_MD/backups/dsat_dev_20260630_080001.dump
[Tue Jun 30 08:00:03 PDT 2026] ERROR: container dsat-db not running — skipping backup
[Tue Jun 30 10:00:01 PDT 2026] Starting backup → /home/jb/DSAT_REDUX_MD/backups/dsat_dev_20260630_100001.dump
[Tue Jun 30 10:00:02 PDT 2026] ERROR: container dsat-db not running — skipping backup
[Tue Jun 30 12:00:01 PDT 2026] Starting backup → /home/jb/DSAT_REDUX_MD/backups/dsat_dev_20260630_120001.dump
Error response from daemon: container 1621113e43936c959f6dfb581a1121c93d0bc1fecba7fdb04450670d39bae05e is not running
[Tue Jun 30 14:00:01 PDT 2026] Starting backup → /home/jb/DSAT_REDUX_MD/backups/dsat_dev_20260630_140001.dump
Error response from daemon: container 1621113e43936c959f6dfb581a1121c93d0bc1fecba7fdb04450670d39bae05e is not running
[Tue Jun 30 16:00:01 PDT 2026] Starting backup → /home/jb/DSAT_REDUX_MD/backups/dsat_dev_20260630_160001.dump
[Tue Jun 30 16:00:03 PDT 2026] Backup complete: /home/jb/DSAT_REDUX_MD/backups/dsat_dev_20260630_160001.dump (14M)
[Tue Jun 30 18:00:01 PDT 2026] Starting backup → /home/jb/DSAT_REDUX_MD/backups/dsat_dev_20260630_180001.dump
[Tue Jun 30 18:00:03 PDT 2026] Backup complete: /home/jb/DSAT_REDUX_MD/backups/dsat_dev_20260630_180001.dump (14M)
[Tue Jun 30 20:00:01 PDT 2026] Starting backup → /home/jb/DSAT_REDUX_MD/backups/dsat_dev_20260630_200001.dump
[Tue Jun 30 20:00:03 PDT 2026] Backup complete: /home/jb/DSAT_REDUX_MD/backups/dsat_dev_20260630_200001.dump (14M)
[Tue Jun 30 22:00:01 PDT 2026] Starting backup → /home/jb/DSAT_REDUX_MD/backups/dsat_dev_20260630_220001.dump
[Tue Jun 30 22:00:03 PDT 2026] Backup complete: /home/jb/DSAT_REDUX_MD/backups/dsat_dev_20260630_220001.dump (14M)
[Tue Jun 30 22:00:03 PDT 2026] Pruning old backup: /home/jb/DSAT_REDUX_MD/backups/dsat_dev_20260626_080001.dump
[Wed Jul  1 00:00:01 PDT 2026] Starting backup → /home/jb/DSAT_REDUX_MD/backups/dsat_dev_20260701_000001.dump
[Wed Jul  1 00:00:01 PDT 2026] ERROR: container dsat-db not running — skipping backup
[Wed Jul  1 02:00:01 PDT 2026] Starting backup → /home/jb/DSAT_REDUX_MD/backups/dsat_dev_20260701_020001.dump
[Wed Jul  1 02:00:01 PDT 2026] ERROR: container dsat-db not running — skipping backup
[Wed Jul  1 04:00:01 PDT 2026] Starting backup → /home/jb/DSAT_REDUX_MD/backups/dsat_dev_20260701_040001.dump
[Wed Jul  1 04:00:01 PDT 2026] ERROR: container dsat-db not running — skipping backup
[Wed Jul  1 06:00:01 PDT 2026] Starting backup → /home/jb/DSAT_REDUX_MD/backups/dsat_dev_20260701_060001.dump
[Wed Jul  1 06:00:02 PDT 2026] ERROR: container dsat-db not running — skipping backup
[Wed Jul  1 08:00:01 PDT 2026] Starting backup → /home/jb/DSAT_REDUX_MD/backups/dsat_dev_20260701_080001.dump
[Wed Jul  1 08:00:01 PDT 2026] ERROR: container dsat-db not running — skipping backup
[Wed Jul  1 10:00:01 PDT 2026] Starting backup → /home/jb/DSAT_REDUX_MD/backups/dsat_dev_20260701_100001.dump
[Wed Jul  1 10:00:02 PDT 2026] ERROR: container dsat-db not running — skipping backup
[Wed Jul  1 12:00:01 PDT 2026] Starting backup → /home/jb/DSAT_REDUX_MD/backups/dsat_dev_20260701_120001.dump
[Wed Jul  1 12:00:01 PDT 2026] ERROR: container dsat-db not running — skipping backup
[Wed Jul  1 14:00:01 PDT 2026] Starting backup → /home/jb/DSAT_REDUX_MD/backups/dsat_dev_20260701_140001.dump
[Wed Jul  1 14:00:01 PDT 2026] ERROR: container dsat-db not running — skipping backup
[Wed Jul  1 16:00:01 PDT 2026] Starting backup → /home/jb/DSAT_REDUX_MD/backups/dsat_dev_20260701_160001.dump
[Wed Jul  1 16:00:01 PDT 2026] ERROR: container dsat-db not running — skipping backup
[Wed Jul  1 18:00:01 PDT 2026] Starting backup → /home/jb/DSAT_REDUX_MD/backups/dsat_dev_20260701_180001.dump
[Wed Jul  1 18:00:01 PDT 2026] ERROR: container dsat-db not running — skipping backup
[Thu Jul  2 16:00:01 PDT 2026] Starting backup → /home/jb/DSAT_REDUX_MD/backups/dsat_dev_20260702_160001.dump
[Thu Jul  2 16:00:03 PDT 2026] Backup complete: /home/jb/DSAT_REDUX_MD/backups/dsat_dev_20260702_160001.dump (14M)
[Thu Jul  2 16:00:03 PDT 2026] Pruning old backup: /home/jb/DSAT_REDUX_MD/backups/dsat_dev_20260626_140001.dump
[Thu Jul  2 18:00:01 PDT 2026] Starting backup → /home/jb/DSAT_REDUX_MD/backups/dsat_dev_20260702_180001.dump
[Thu Jul  2 18:00:03 PDT 2026] Backup complete: /home/jb/DSAT_REDUX_MD/backups/dsat_dev_20260702_180001.dump (14M)
[Thu Jul  2 18:00:03 PDT 2026] Pruning old backup: /home/jb/DSAT_REDUX_MD/backups/dsat_dev_20260626_160001.dump
[Thu Jul  2 20:00:01 PDT 2026] Starting backup → /home/jb/DSAT_REDUX_MD/backups/dsat_dev_20260702_200001.dump
[Thu Jul  2 20:00:03 PDT 2026] Backup complete: /home/jb/DSAT_REDUX_MD/backups/dsat_dev_20260702_200001.dump (14M)
[Thu Jul  2 20:00:03 PDT 2026] Pruning old backup: /home/jb/DSAT_REDUX_MD/backups/dsat_dev_20260627_020001.dump
[Thu Jul  2 22:00:01 PDT 2026] Starting backup → /home/jb/DSAT_REDUX_MD/backups/dsat_dev_20260702_220001.dump
[Thu Jul  2 22:00:03 PDT 2026] Backup complete: /home/jb/DSAT_REDUX_MD/backups/dsat_dev_20260702_220001.dump (14M)
[Thu Jul  2 22:00:03 PDT 2026] Pruning old backup: /home/jb/DSAT_REDUX_MD/backups/dsat_dev_20260630_140001.dump
[Fri Jul  3 00:00:01 PDT 2026] Starting backup → /home/jb/DSAT_REDUX_MD/backups/dsat_dev_20260703_000001.dump
[Fri Jul  3 00:00:03 PDT 2026] Backup complete: /home/jb/DSAT_REDUX_MD/backups/dsat_dev_20260703_000001.dump (14M)
[Fri Jul  3 00:00:03 PDT 2026] Pruning old backup: /home/jb/DSAT_REDUX_MD/backups/dsat_dev_20260630_160001.dump
[Fri Jul  3 02:00:01 PDT 2026] Starting backup → /home/jb/DSAT_REDUX_MD/backups/dsat_dev_20260703_020001.dump
[Fri Jul  3 02:00:03 PDT 2026] Backup complete: /home/jb/DSAT_REDUX_MD/backups/dsat_dev_20260703_020001.dump (14M)
[Fri Jul  3 02:00:03 PDT 2026] Pruning old backup: /home/jb/DSAT_REDUX_MD/backups/dsat_dev_20260630_180001.dump
[Fri Jul  3 04:00:01 PDT 2026] Starting backup → /home/jb/DSAT_REDUX_MD/backups/dsat_dev_20260703_040001.dump
[Fri Jul  3 04:00:03 PDT 2026] Backup complete: /home/jb/DSAT_REDUX_MD/backups/dsat_dev_20260703_040001.dump (14M)
[Fri Jul  3 04:00:03 PDT 2026] Pruning old backup: /home/jb/DSAT_REDUX_MD/backups/dsat_dev_20260630_200001.dump
[Fri Jul  3 06:00:01 PDT 2026] Starting backup → /home/jb/DSAT_REDUX_MD/backups/dsat_dev_20260703_060001.dump
[Fri Jul  3 06:00:03 PDT 2026] Backup complete: /home/jb/DSAT_REDUX_MD/backups/dsat_dev_20260703_060001.dump (14M)
[Fri Jul  3 06:00:03 PDT 2026] Pruning old backup: /home/jb/DSAT_REDUX_MD/backups/dsat_dev_20260630_220001.dump
[Fri Jul  3 08:00:01 PDT 2026] Starting backup → /home/jb/DSAT_REDUX_MD/backups/dsat_dev_20260703_080001.dump
[Fri Jul  3 08:00:03 PDT 2026] Backup complete: /home/jb/DSAT_REDUX_MD/backups/dsat_dev_20260703_080001.dump (14M)
[Fri Jul  3 08:00:03 PDT 2026] Pruning old backup: /home/jb/DSAT_REDUX_MD/backups/dsat_dev_20260626_100001.dump
[Fri Jul  3 10:00:01 PDT 2026] Starting backup → /home/jb/DSAT_REDUX_MD/backups/dsat_dev_20260703_100001.dump
[Fri Jul  3 10:00:03 PDT 2026] Backup complete: /home/jb/DSAT_REDUX_MD/backups/dsat_dev_20260703_100001.dump (14M)
[Fri Jul  3 10:00:03 PDT 2026] Pruning old backup: /home/jb/DSAT_REDUX_MD/backups/dsat_dev_20260626_120001.dump
[Fri Jul  3 12:00:01 PDT 2026] Starting backup → /home/jb/DSAT_REDUX_MD/backups/dsat_dev_20260703_120001.dump
Error response from daemon: can only create exec sessions on running containers: container state improper
[Fri Jul  3 14:00:01 PDT 2026] Starting backup → /home/jb/DSAT_REDUX_MD/backups/dsat_dev_20260703_140001.dump
Error response from daemon: can only create exec sessions on running containers: container state improper
[Fri Jul  3 16:00:01 PDT 2026] Starting backup → /home/jb/DSAT_REDUX_MD/backups/dsat_dev_20260703_160001.dump
[Fri Jul  3 16:00:03 PDT 2026] Backup complete: /home/jb/DSAT_REDUX_MD/backups/dsat_dev_20260703_160001.dump (14M)
[Fri Jul  3 16:00:03 PDT 2026] Pruning old backup: /home/jb/DSAT_REDUX_MD/backups/dsat_dev_20260702_200001.dump
[Fri Jul  3 16:00:03 PDT 2026] Pruning old backup: /home/jb/DSAT_REDUX_MD/backups/dsat_dev_20260702_180001.dump
[Fri Jul  3 16:00:03 PDT 2026] Pruning old backup: /home/jb/DSAT_REDUX_MD/backups/dsat_dev_20260702_160001.dump
[Fri Jul  3 18:00:01 PDT 2026] Starting backup → /home/jb/DSAT_REDUX_MD/backups/dsat_dev_20260703_180001.dump
[Fri Jul  3 18:00:03 PDT 2026] Backup complete: /home/jb/DSAT_REDUX_MD/backups/dsat_dev_20260703_180001.dump (14M)
[Fri Jul  3 18:00:03 PDT 2026] Pruning old backup: /home/jb/DSAT_REDUX_MD/backups/dsat_dev_20260702_220001.dump
[Fri Jul  3 20:00:01 PDT 2026] Starting backup → /home/jb/DSAT_REDUX_MD/backups/dsat_dev_20260703_200001.dump
[Fri Jul  3 20:00:03 PDT 2026] Backup complete: /home/jb/DSAT_REDUX_MD/backups/dsat_dev_20260703_200001.dump (14M)
[Fri Jul  3 20:00:03 PDT 2026] Pruning old backup: /home/jb/DSAT_REDUX_MD/backups/dsat_dev_20260703_000001.dump
[Fri Jul  3 22:00:01 PDT 2026] Starting backup → /home/jb/DSAT_REDUX_MD/backups/dsat_dev_20260703_220001.dump
[Fri Jul  3 22:00:03 PDT 2026] Backup complete: /home/jb/DSAT_REDUX_MD/backups/dsat_dev_20260703_220001.dump (14M)
[Fri Jul  3 22:00:03 PDT 2026] Pruning old backup: /home/jb/DSAT_REDUX_MD/backups/dsat_dev_20260703_020001.dump
[Sat Jul  4 00:00:01 PDT 2026] Starting backup → /home/jb/DSAT_REDUX_MD/backups/dsat_dev_20260704_000001.dump
[Sat Jul  4 00:00:03 PDT 2026] Backup complete: /home/jb/DSAT_REDUX_MD/backups/dsat_dev_20260704_000001.dump (14M)
[Sat Jul  4 00:00:03 PDT 2026] Pruning old backup: /home/jb/DSAT_REDUX_MD/backups/dsat_dev_20260703_040001.dump
[Sat Jul  4 02:00:01 PDT 2026] Starting backup → /home/jb/DSAT_REDUX_MD/backups/dsat_dev_20260704_020001.dump
[Sat Jul  4 02:00:03 PDT 2026] Backup complete: /home/jb/DSAT_REDUX_MD/backups/dsat_dev_20260704_020001.dump (14M)
[Sat Jul  4 02:00:03 PDT 2026] Pruning old backup: /home/jb/DSAT_REDUX_MD/backups/dsat_dev_20260703_060001.dump
[Sat Jul  4 04:00:01 PDT 2026] Starting backup → /home/jb/DSAT_REDUX_MD/backups/dsat_dev_20260704_040001.dump
[Sat Jul  4 04:00:03 PDT 2026] Backup complete: /home/jb/DSAT_REDUX_MD/backups/dsat_dev_20260704_040001.dump (14M)
[Sat Jul  4 04:00:03 PDT 2026] Pruning old backup: /home/jb/DSAT_REDUX_MD/backups/dsat_dev_20260703_080001.dump
[Sat Jul  4 06:00:01 PDT 2026] Starting backup → /home/jb/DSAT_REDUX_MD/backups/dsat_dev_20260704_060001.dump
[Sat Jul  4 06:00:03 PDT 2026] Backup complete: /home/jb/DSAT_REDUX_MD/backups/dsat_dev_20260704_060001.dump (14M)
[Sat Jul  4 06:00:03 PDT 2026] Pruning old backup: /home/jb/DSAT_REDUX_MD/backups/dsat_dev_20260703_100001.dump
[Sat Jul  4 08:00:01 PDT 2026] Starting backup → /home/jb/DSAT_REDUX_MD/backups/dsat_dev_20260704_080001.dump
[Sat Jul  4 08:00:03 PDT 2026] Backup complete: /home/jb/DSAT_REDUX_MD/backups/dsat_dev_20260704_080001.dump (14M)
[Sat Jul  4 08:00:03 PDT 2026] Pruning old backup: /home/jb/DSAT_REDUX_MD/backups/dsat_dev_20260703_120001.dump
[Sat Jul  4 10:00:01 PDT 2026] Starting backup → /home/jb/DSAT_REDUX_MD/backups/dsat_dev_20260704_100001.dump
[Sat Jul  4 10:00:03 PDT 2026] Backup complete: /home/jb/DSAT_REDUX_MD/backups/dsat_dev_20260704_100001.dump (14M)
[Sat Jul  4 10:00:03 PDT 2026] Pruning old backup: /home/jb/DSAT_REDUX_MD/backups/dsat_dev_20260703_140001.dump
[Sat Jul  4 12:00:01 PDT 2026] Starting backup → /home/jb/DSAT_REDUX_MD/backups/dsat_dev_20260704_120001.dump
[Sat Jul  4 12:00:03 PDT 2026] Backup complete: /home/jb/DSAT_REDUX_MD/backups/dsat_dev_20260704_120001.dump (14M)
[Sat Jul  4 12:00:03 PDT 2026] Pruning old backup: /home/jb/DSAT_REDUX_MD/backups/dsat_dev_20260703_160001.dump
[Sat Jul  4 14:00:01 PDT 2026] Starting backup → /home/jb/DSAT_REDUX_MD/backups/dsat_dev_20260704_140001.dump
[Sat Jul  4 14:00:03 PDT 2026] Backup complete: /home/jb/DSAT_REDUX_MD/backups/dsat_dev_20260704_140001.dump (14M)
[Sat Jul  4 14:00:03 PDT 2026] Pruning old backup: /home/jb/DSAT_REDUX_MD/backups/dsat_dev_20260703_180001.dump
[Sat Jul  4 16:00:01 PDT 2026] Starting backup → /home/jb/DSAT_REDUX_MD/backups/dsat_dev_20260704_160001.dump
[Sat Jul  4 16:00:03 PDT 2026] Backup complete: /home/jb/DSAT_REDUX_MD/backups/dsat_dev_20260704_160001.dump (14M)
[Sat Jul  4 16:00:03 PDT 2026] Pruning old backup: /home/jb/DSAT_REDUX_MD/backups/dsat_dev_20260703_200001.dump
[Sat Jul  4 18:00:01 PDT 2026] Starting backup → /home/jb/DSAT_REDUX_MD/backups/dsat_dev_20260704_180001.dump
[Sat Jul  4 18:00:03 PDT 2026] Backup complete: /home/jb/DSAT_REDUX_MD/backups/dsat_dev_20260704_180001.dump (14M)
[Sat Jul  4 18:00:03 PDT 2026] Pruning old backup: /home/jb/DSAT_REDUX_MD/backups/dsat_dev_20260703_220001.dump
[Sat Jul  4 20:00:01 PDT 2026] Starting backup → /home/jb/DSAT_REDUX_MD/backups/dsat_dev_20260704_200001.dump
[Sat Jul  4 20:00:03 PDT 2026] Backup complete: /home/jb/DSAT_REDUX_MD/backups/dsat_dev_20260704_200001.dump (14M)
[Sat Jul  4 20:00:03 PDT 2026] Pruning old backup: /home/jb/DSAT_REDUX_MD/backups/dsat_dev_20260704_000001.dump
[Sat Jul  4 22:00:01 PDT 2026] Starting backup → /home/jb/DSAT_REDUX_MD/backups/dsat_dev_20260704_220001.dump
[Sat Jul  4 22:00:03 PDT 2026] Backup complete: /home/jb/DSAT_REDUX_MD/backups/dsat_dev_20260704_220001.dump (14M)
[Sat Jul  4 22:00:03 PDT 2026] Pruning old backup: /home/jb/DSAT_REDUX_MD/backups/dsat_dev_20260704_020001.dump
[Sun Jul  5 00:00:01 PDT 2026] Starting backup → /home/jb/DSAT_REDUX_MD/backups/dsat_dev_20260705_000001.dump
[Sun Jul  5 00:00:03 PDT 2026] Backup complete: /home/jb/DSAT_REDUX_MD/backups/dsat_dev_20260705_000001.dump (14M)
[Sun Jul  5 00:00:03 PDT 2026] Pruning old backup: /home/jb/DSAT_REDUX_MD/backups/dsat_dev_20260704_120001.dump
[Sun Jul  5 00:00:03 PDT 2026] Pruning old backup: /home/jb/DSAT_REDUX_MD/backups/dsat_dev_20260704_100001.dump
[Sun Jul  5 00:00:03 PDT 2026] Pruning old backup: /home/jb/DSAT_REDUX_MD/backups/dsat_dev_20260704_080001.dump
[Sun Jul  5 00:00:03 PDT 2026] Pruning old backup: /home/jb/DSAT_REDUX_MD/backups/dsat_dev_20260704_060001.dump
[Sun Jul  5 00:00:03 PDT 2026] Pruning old backup: /home/jb/DSAT_REDUX_MD/backups/dsat_dev_20260704_040001.dump
[Sun Jul  5 02:00:02 PDT 2026] Starting backup → /home/jb/DSAT_REDUX_MD/backups/dsat_dev_20260705_020001.dump
[Sun Jul  5 02:00:03 PDT 2026] Backup complete: /home/jb/DSAT_REDUX_MD/backups/dsat_dev_20260705_020001.dump (14M)
[Sun Jul  5 04:00:01 PDT 2026] Starting backup → /home/jb/DSAT_REDUX_MD/backups/dsat_dev_20260705_040001.dump
[Sun Jul  5 04:00:02 PDT 2026] Backup complete: /home/jb/DSAT_REDUX_MD/backups/dsat_dev_20260705_040001.dump (14M)
[Sun Jul  5 06:00:01 PDT 2026] Starting backup → /home/jb/DSAT_REDUX_MD/backups/dsat_dev_20260705_060001.dump
[Sun Jul  5 06:00:02 PDT 2026] Backup complete: /home/jb/DSAT_REDUX_MD/backups/dsat_dev_20260705_060001.dump (14M)
[Sun Jul  5 08:00:01 PDT 2026] Starting backup → /home/jb/DSAT_REDUX_MD/backups/dsat_dev_20260705_080001.dump
[Sun Jul  5 08:00:03 PDT 2026] Backup complete: /home/jb/DSAT_REDUX_MD/backups/dsat_dev_20260705_080001.dump (14M)
[Sun Jul  5 10:00:01 PDT 2026] Starting backup → /home/jb/DSAT_REDUX_MD/backups/dsat_dev_20260705_100001.dump
[Sun Jul  5 10:00:03 PDT 2026] Backup complete: /home/jb/DSAT_REDUX_MD/backups/dsat_dev_20260705_100001.dump (14M)
[Sun Jul  5 10:00:03 PDT 2026] Pruning old backup: /home/jb/DSAT_REDUX_MD/backups/dsat_dev_20260704_140001.dump
[Sun Jul  5 12:00:01 PDT 2026] Starting backup → /home/jb/DSAT_REDUX_MD/backups/dsat_dev_20260705_120001.dump
[Sun Jul  5 12:00:03 PDT 2026] Backup complete: /home/jb/DSAT_REDUX_MD/backups/dsat_dev_20260705_120001.dump (14M)
[Sun Jul  5 12:00:03 PDT 2026] Pruning old backup: /home/jb/DSAT_REDUX_MD/backups/dsat_dev_20260704_160001.dump
[Sun Jul  5 14:00:01 PDT 2026] Starting backup → /home/jb/DSAT_REDUX_MD/backups/dsat_dev_20260705_140001.dump
[Sun Jul  5 14:00:03 PDT 2026] Backup complete: /home/jb/DSAT_REDUX_MD/backups/dsat_dev_20260705_140001.dump (14M)
[Sun Jul  5 14:00:03 PDT 2026] Pruning old backup: /home/jb/DSAT_REDUX_MD/backups/dsat_dev_20260704_180001.dump
[Sun Jul  5 16:00:01 PDT 2026] Starting backup → /home/jb/DSAT_REDUX_MD/backups/dsat_dev_20260705_160001.dump
[Sun Jul  5 16:00:03 PDT 2026] Backup complete: /home/jb/DSAT_REDUX_MD/backups/dsat_dev_20260705_160001.dump (14M)
[Sun Jul  5 16:00:03 PDT 2026] Pruning old backup: /home/jb/DSAT_REDUX_MD/backups/dsat_dev_20260704_200001.dump
[Sun Jul  5 18:00:01 PDT 2026] Starting backup → /home/jb/DSAT_REDUX_MD/backups/dsat_dev_20260705_180001.dump
[Sun Jul  5 18:00:03 PDT 2026] Backup complete: /home/jb/DSAT_REDUX_MD/backups/dsat_dev_20260705_180001.dump (14M)
[Sun Jul  5 18:00:03 PDT 2026] Pruning old backup: /home/jb/DSAT_REDUX_MD/backups/dsat_dev_20260704_220001.dump
[Sun Jul  5 20:00:01 PDT 2026] Starting backup → /home/jb/DSAT_REDUX_MD/backups/dsat_dev_20260705_200001.dump
[Sun Jul  5 20:00:03 PDT 2026] Backup complete: /home/jb/DSAT_REDUX_MD/backups/dsat_dev_20260705_200001.dump (14M)
[Sun Jul  5 20:00:03 PDT 2026] Pruning old backup: /home/jb/DSAT_REDUX_MD/backups/dsat_dev_20260705_000001.dump
[Sun Jul  5 22:00:01 PDT 2026] Starting backup → /home/jb/DSAT_REDUX_MD/backups/dsat_dev_20260705_220001.dump
[Sun Jul  5 22:00:03 PDT 2026] Backup complete: /home/jb/DSAT_REDUX_MD/backups/dsat_dev_20260705_220001.dump (14M)
[Sun Jul  5 22:00:03 PDT 2026] Pruning old backup: /home/jb/DSAT_REDUX_MD/backups/dsat_dev_20260705_020001.dump
[Mon Jul  6 00:00:01 PDT 2026] Starting backup → /home/jb/DSAT_REDUX_MD/backups/dsat_dev_20260706_000001.dump
[Mon Jul  6 00:00:03 PDT 2026] Backup complete: /home/jb/DSAT_REDUX_MD/backups/dsat_dev_20260706_000001.dump (14M)
[Mon Jul  6 00:00:03 PDT 2026] Pruning old backup: /home/jb/DSAT_REDUX_MD/backups/dsat_dev_20260705_040001.dump
[Mon Jul  6 02:00:01 PDT 2026] Starting backup → /home/jb/DSAT_REDUX_MD/backups/dsat_dev_20260706_020001.dump
[Mon Jul  6 02:00:03 PDT 2026] Backup complete: /home/jb/DSAT_REDUX_MD/backups/dsat_dev_20260706_020001.dump (14M)
[Mon Jul  6 02:00:03 PDT 2026] Pruning old backup: /home/jb/DSAT_REDUX_MD/backups/dsat_dev_20260705_060001.dump
[Mon Jul  6 04:00:01 PDT 2026] Starting backup → /home/jb/DSAT_REDUX_MD/backups/dsat_dev_20260706_040001.dump
[Mon Jul  6 04:00:03 PDT 2026] Backup complete: /home/jb/DSAT_REDUX_MD/backups/dsat_dev_20260706_040001.dump (14M)
[Mon Jul  6 04:00:03 PDT 2026] Pruning old backup: /home/jb/DSAT_REDUX_MD/backups/dsat_dev_20260705_080001.dump
[Mon Jul  6 06:00:01 PDT 2026] Starting backup → /home/jb/DSAT_REDUX_MD/backups/dsat_dev_20260706_060001.dump
[Mon Jul  6 06:00:03 PDT 2026] Backup complete: /home/jb/DSAT_REDUX_MD/backups/dsat_dev_20260706_060001.dump (14M)
[Mon Jul  6 06:00:03 PDT 2026] Pruning old backup: /home/jb/DSAT_REDUX_MD/backups/dsat_dev_20260705_100001.dump
[Mon Jul  6 08:00:01 PDT 2026] Starting backup → /home/jb/DSAT_REDUX_MD/backups/dsat_dev_20260706_080001.dump
[Mon Jul  6 08:00:03 PDT 2026] Backup complete: /home/jb/DSAT_REDUX_MD/backups/dsat_dev_20260706_080001.dump (14M)
[Mon Jul  6 08:00:03 PDT 2026] Pruning old backup: /home/jb/DSAT_REDUX_MD/backups/dsat_dev_20260705_120001.dump
[Mon Jul  6 10:00:01 PDT 2026] Starting backup → /home/jb/DSAT_REDUX_MD/backups/dsat_dev_20260706_100001.dump
Error response from daemon: can only create exec sessions on running containers: container state improper
[Mon Jul  6 12:00:01 PDT 2026] Starting backup → /home/jb/DSAT_REDUX_MD/backups/dsat_dev_20260706_120001.dump
Error response from daemon: can only create exec sessions on running containers: container state improper
[Mon Jul  6 14:00:01 PDT 2026] Starting backup → /home/jb/DSAT_REDUX_MD/backups/dsat_dev_20260706_140001.dump
[Mon Jul  6 14:00:02 PDT 2026] ERROR: container dsat-db not running — skipping backup
[Mon Jul  6 16:00:01 PDT 2026] Starting backup → /home/jb/DSAT_REDUX_MD/backups/dsat_dev_20260706_160001.dump
[Mon Jul  6 16:00:02 PDT 2026] ERROR: container dsat-db not running — skipping backup
[Mon Jul  6 18:00:01 PDT 2026] Starting backup → /home/jb/DSAT_REDUX_MD/backups/dsat_dev_20260706_180001.dump
[Mon Jul  6 18:00:02 PDT 2026] ERROR: container dsat-db not running — skipping backup
[Mon Jul  6 20:00:01 PDT 2026] Starting backup → /home/jb/DSAT_REDUX_MD/backups/dsat_dev_20260706_200001.dump
[Mon Jul  6 20:00:03 PDT 2026] ERROR: container dsat-db not running — skipping backup
[Mon Jul  6 22:00:01 PDT 2026] Starting backup → /home/jb/DSAT_REDUX_MD/backups/dsat_dev_20260706_220001.dump
[Mon Jul  6 22:00:02 PDT 2026] ERROR: container dsat-db not running — skipping backup
[Tue Jul  7 00:00:01 PDT 2026] Starting backup → /home/jb/DSAT_REDUX_MD/backups/dsat_dev_20260707_000001.dump
[Tue Jul  7 00:00:02 PDT 2026] ERROR: container dsat-db not running — skipping backup
[Tue Jul  7 02:00:01 PDT 2026] Starting backup → /home/jb/DSAT_REDUX_MD/backups/dsat_dev_20260707_020001.dump
[Tue Jul  7 02:00:02 PDT 2026] ERROR: container dsat-db not running — skipping backup
[Tue Jul  7 04:00:01 PDT 2026] Starting backup → /home/jb/DSAT_REDUX_MD/backups/dsat_dev_20260707_040001.dump
[Tue Jul  7 04:00:02 PDT 2026] ERROR: container dsat-db not running — skipping backup
[Tue Jul  7 06:00:01 PDT 2026] Starting backup → /home/jb/DSAT_REDUX_MD/backups/dsat_dev_20260707_060001.dump
[Tue Jul  7 06:00:02 PDT 2026] ERROR: container dsat-db not running — skipping backup
[Tue Jul  7 08:00:01 PDT 2026] Starting backup → /home/jb/DSAT_REDUX_MD/backups/dsat_dev_20260707_080001.dump
[Tue Jul  7 08:00:03 PDT 2026] ERROR: container dsat-db not running — skipping backup
[Tue Jul  7 10:00:01 PDT 2026] Starting backup → /home/jb/DSAT_REDUX_MD/backups/dsat_dev_20260707_100001.dump
[Tue Jul  7 10:00:02 PDT 2026] ERROR: container dsat-db not running — skipping backup
[Tue Jul  7 12:00:01 PDT 2026] Starting backup → /home/jb/DSAT_REDUX_MD/backups/dsat_dev_20260707_120001.dump
[Tue Jul  7 12:00:03 PDT 2026] ERROR: container dsat-db not running — skipping backup
[Tue Jul  7 14:00:01 PDT 2026] Starting backup → /home/jb/DSAT_REDUX_MD/backups/dsat_dev_20260707_140001.dump
[Tue Jul  7 14:00:02 PDT 2026] ERROR: container dsat-db not running — skipping backup
[Tue Jul  7 16:00:01 PDT 2026] Starting backup → /home/jb/DSAT_REDUX_MD/backups/dsat_dev_20260707_160001.dump
[Tue Jul  7 16:00:02 PDT 2026] Backup complete: /home/jb/DSAT_REDUX_MD/backups/dsat_dev_20260707_160001.dump (4.0K)
[Tue Jul  7 16:00:02 PDT 2026] Pruning old backup: /home/jb/DSAT_REDUX_MD/backups/dsat_dev_20260705_180001.dump
[Tue Jul  7 16:00:02 PDT 2026] Pruning old backup: /home/jb/DSAT_REDUX_MD/backups/dsat_dev_20260705_160001.dump
[Tue Jul  7 16:00:02 PDT 2026] Pruning old backup: /home/jb/DSAT_REDUX_MD/backups/dsat_dev_20260705_140001.dump
[Tue Jul  7 18:00:01 PDT 2026] Starting backup → /home/jb/DSAT_REDUX_MD/backups/dsat_dev_20260707_180001.dump
[Tue Jul  7 18:00:01 PDT 2026] Backup complete: /home/jb/DSAT_REDUX_MD/backups/dsat_dev_20260707_180001.dump (4.0K)
[Tue Jul  7 18:00:01 PDT 2026] Pruning old backup: /home/jb/DSAT_REDUX_MD/backups/dsat_dev_20260705_200001.dump
[Tue Jul  7 20:00:01 PDT 2026] Starting backup → /home/jb/DSAT_REDUX_MD/backups/dsat_dev_20260707_200001.dump
[Tue Jul  7 20:00:01 PDT 2026] Backup complete: /home/jb/DSAT_REDUX_MD/backups/dsat_dev_20260707_200001.dump (4.0K)
[Tue Jul  7 20:00:01 PDT 2026] Pruning old backup: /home/jb/DSAT_REDUX_MD/backups/dsat_dev_20260705_220001.dump
[Tue Jul  7 22:00:01 PDT 2026] Starting backup → /home/jb/DSAT_REDUX_MD/backups/dsat_dev_20260707_220001.dump
[Tue Jul  7 22:00:01 PDT 2026] Backup complete: /home/jb/DSAT_REDUX_MD/backups/dsat_dev_20260707_220001.dump (4.0K)
[Tue Jul  7 22:00:01 PDT 2026] Pruning old backup: /home/jb/DSAT_REDUX_MD/backups/dsat_dev_20260706_000001.dump
[Wed Jul  8 00:00:01 PDT 2026] Starting backup → /home/jb/DSAT_REDUX_MD/backups/dsat_dev_20260708_000001.dump
Error response from daemon: can only create exec sessions on running containers: container state improper
[Wed Jul  8 02:00:01 PDT 2026] Starting backup → /home/jb/DSAT_REDUX_MD/backups/dsat_dev_20260708_020001.dump
Error response from daemon: can only create exec sessions on running containers: container state improper
[Wed Jul  8 04:00:01 PDT 2026] Starting backup → /home/jb/DSAT_REDUX_MD/backups/dsat_dev_20260708_040001.dump
Error response from daemon: can only create exec sessions on running containers: container state improper
[Wed Jul  8 06:00:01 PDT 2026] Starting backup → /home/jb/DSAT_REDUX_MD/backups/dsat_dev_20260708_060001.dump
Error response from daemon: can only create exec sessions on running containers: container state improper
[Wed Jul  8 08:00:01 PDT 2026] Starting backup → /home/jb/DSAT_REDUX_MD/backups/dsat_dev_20260708_080001.dump
Error response from daemon: can only create exec sessions on running containers: container state improper
[Wed Jul  8 10:00:02 PDT 2026] Starting backup → /home/jb/DSAT_REDUX_MD/backups/dsat_dev_20260708_100002.dump
Error response from daemon: can only create exec sessions on running containers: container state improper
[Wed Jul  8 16:00:02 PDT 2026] Starting backup → /home/jb/DSAT_REDUX_MD/backups/dsat_dev_20260708_160002.dump
Error response from daemon: can only create exec sessions on running containers: container state improper
[Wed Jul  8 18:00:01 PDT 2026] Starting backup → /home/jb/DSAT_REDUX_MD/backups/dsat_dev_20260708_180001.dump
Error response from daemon: can only create exec sessions on running containers: container state improper
[Wed Jul  8 20:00:01 PDT 2026] Starting backup → /home/jb/DSAT_REDUX_MD/backups/dsat_dev_20260708_200001.dump
Error response from daemon: can only create exec sessions on running containers: container state improper
[Wed Jul  8 22:00:01 PDT 2026] Starting backup → /home/jb/DSAT_REDUX_MD/backups/dsat_dev_20260708_220001.dump
Error response from daemon: can only create exec sessions on running containers: container state improper
[Thu Jul  9 00:00:01 PDT 2026] Starting backup → /home/jb/DSAT_REDUX_MD/backups/dsat_dev_20260709_000001.dump
Error response from daemon: can only create exec sessions on running containers: container state improper
[Thu Jul  9 02:00:01 PDT 2026] Starting backup → /home/jb/DSAT_REDUX_MD/backups/dsat_dev_20260709_020001.dump
Error response from daemon: can only create exec sessions on running containers: container state improper
[Thu Jul  9 04:00:01 PDT 2026] Starting backup → /home/jb/DSAT_REDUX_MD/backups/dsat_dev_20260709_040001.dump
Error response from daemon: can only create exec sessions on running containers: container state improper
[Thu Jul  9 06:00:01 PDT 2026] Starting backup → /home/jb/DSAT_REDUX_MD/backups/dsat_dev_20260709_060001.dump
Error response from daemon: can only create exec sessions on running containers: container state improper
[Thu Jul  9 08:00:01 PDT 2026] Starting backup → /home/jb/DSAT_REDUX_MD/backups/dsat_dev_20260709_080001.dump
Error response from daemon: can only create exec sessions on running containers: container state improper
[Thu Jul  9 10:00:01 PDT 2026] Starting backup → /home/jb/DSAT_REDUX_MD/backups/dsat_dev_20260709_100001.dump
Error response from daemon: can only create exec sessions on running containers: container state improper
[Thu Jul  9 12:00:02 PDT 2026] Starting backup → /home/jb/DSAT_REDUX_MD/backups/dsat_dev_20260709_120002.dump
Error response from daemon: can only create exec sessions on running containers: container state improper
[Thu Jul  9 14:00:01 PDT 2026] Starting backup → /home/jb/DSAT_REDUX_MD/backups/dsat_dev_20260709_140001.dump
Error response from daemon: can only create exec sessions on running containers: container state improper
[Thu Jul  9 16:00:01 PDT 2026] Starting backup → /home/jb/DSAT_REDUX_MD/backups/dsat_dev_20260709_160001.dump
Error response from daemon: can only create exec sessions on running containers: container state improper
[Thu Jul  9 18:00:01 PDT 2026] Starting backup → /home/jb/DSAT_REDUX_MD/backups/dsat_dev_20260709_180001.dump
Error response from daemon: can only create exec sessions on running containers: container state improper
[Thu Jul  9 20:00:01 PDT 2026] Starting backup → /home/jb/DSAT_REDUX_MD/backups/dsat_dev_20260709_200001.dump
Error response from daemon: can only create exec sessions on running containers: container state improper
[Thu Jul  9 22:00:01 PDT 2026] Starting backup → /home/jb/DSAT_REDUX_MD/backups/dsat_dev_20260709_220001.dump
Error response from daemon: can only create exec sessions on running containers: container state improper
[Fri Jul 10 00:00:01 PDT 2026] Starting backup → /home/jb/DSAT_REDUX_MD/backups/dsat_dev_20260710_000001.dump
Error response from daemon: can only create exec sessions on running containers: container state improper
[Fri Jul 10 02:00:01 PDT 2026] Starting backup → /home/jb/DSAT_REDUX_MD/backups/dsat_dev_20260710_020001.dump
Error response from daemon: can only create exec sessions on running containers: container state improper
[Fri Jul 10 04:00:01 PDT 2026] Starting backup → /home/jb/DSAT_REDUX_MD/backups/dsat_dev_20260710_040001.dump
Error response from daemon: can only create exec sessions on running containers: container state improper
[Fri Jul 10 06:00:01 PDT 2026] Starting backup → /home/jb/DSAT_REDUX_MD/backups/dsat_dev_20260710_060001.dump
Error response from daemon: can only create exec sessions on running containers: container state improper
[Fri Jul 10 08:00:02 PDT 2026] Starting backup → /home/jb/DSAT_REDUX_MD/backups/dsat_dev_20260710_080002.dump
Error response from daemon: can only create exec sessions on running containers: container state improper
[Fri Jul 10 10:00:01 PDT 2026] Starting backup → /home/jb/DSAT_REDUX_MD/backups/dsat_dev_20260710_100001.dump
Error response from daemon: can only create exec sessions on running containers: container state improper
[Fri Jul 10 12:00:01 PDT 2026] Starting backup → /home/jb/DSAT_REDUX_MD/backups/dsat_dev_20260710_120001.dump
Error response from daemon: can only create exec sessions on running containers: container state improper
[Fri Jul 10 14:00:01 PDT 2026] Starting backup → /home/jb/DSAT_REDUX_MD/backups/dsat_dev_20260710_140001.dump
Error response from daemon: can only create exec sessions on running containers: container state improper
[Fri Jul 10 16:00:01 PDT 2026] Starting backup → /home/jb/DSAT_REDUX_MD/backups/dsat_dev_20260710_160001.dump
Error response from daemon: can only create exec sessions on running containers: container state improper
[Fri Jul 10 18:00:01 PDT 2026] Starting backup → /home/jb/DSAT_REDUX_MD/backups/dsat_dev_20260710_180001.dump
Error response from daemon: can only create exec sessions on running containers: container state improper
[Fri Jul 10 20:00:01 PDT 2026] Starting backup → /home/jb/DSAT_REDUX_MD/backups/dsat_dev_20260710_200001.dump
Error response from daemon: can only create exec sessions on running containers: container state improper
[Fri Jul 10 22:00:01 PDT 2026] Starting backup → /home/jb/DSAT_REDUX_MD/backups/dsat_dev_20260710_220001.dump
Error response from daemon: can only create exec sessions on running containers: container state improper
[Sat Jul 11 00:00:01 PDT 2026] Starting backup → /home/jb/DSAT_REDUX_MD/backups/dsat_dev_20260711_000001.dump
Error response from daemon: can only create exec sessions on running containers: container state improper
[Sat Jul 11 02:00:01 PDT 2026] Starting backup → /home/jb/DSAT_REDUX_MD/backups/dsat_dev_20260711_020001.dump
Error response from daemon: can only create exec sessions on running containers: container state improper
[Sat Jul 11 04:00:01 PDT 2026] Starting backup → /home/jb/DSAT_REDUX_MD/backups/dsat_dev_20260711_040001.dump
Error response from daemon: can only create exec sessions on running containers: container state improper
[Sat Jul 11 06:00:01 PDT 2026] Starting backup → /home/jb/DSAT_REDUX_MD/backups/dsat_dev_20260711_060001.dump
Error response from daemon: can only create exec sessions on running containers: container state improper
[Sat Jul 11 08:00:01 PDT 2026] Starting backup → /home/jb/DSAT_REDUX_MD/backups/dsat_dev_20260711_080001.dump
Error response from daemon: can only create exec sessions on running containers: container state improper
[Sat Jul 11 10:00:01 PDT 2026] Starting backup → /home/jb/DSAT_REDUX_MD/backups/dsat_dev_20260711_100001.dump
Error response from daemon: can only create exec sessions on running containers: container state improper
[Sat Jul 11 12:00:01 PDT 2026] Starting backup → /home/jb/DSAT_REDUX_MD/backups/dsat_dev_20260711_120001.dump
Error response from daemon: can only create exec sessions on running containers: container state improper
[Sat Jul 11 14:00:01 PDT 2026] Starting backup → /home/jb/DSAT_REDUX_MD/backups/dsat_dev_20260711_140001.dump
Error response from daemon: can only create exec sessions on running containers: container state improper
[Sat Jul 11 16:00:01 PDT 2026] Starting backup → /home/jb/DSAT_REDUX_MD/backups/dsat_dev_20260711_160001.dump
Error response from daemon: can only create exec sessions on running containers: container state improper
[Sat Jul 11 18:00:01 PDT 2026] Starting backup → /home/jb/DSAT_REDUX_MD/backups/dsat_dev_20260711_180001.dump
Error response from daemon: can only create exec sessions on running containers: container state improper
[Sat Jul 11 20:00:01 PDT 2026] Starting backup → /home/jb/DSAT_REDUX_MD/backups/dsat_dev_20260711_200001.dump
Error response from daemon: can only create exec sessions on running containers: container state improper
[Sat Jul 11 22:00:01 PDT 2026] Starting backup → /home/jb/DSAT_REDUX_MD/backups/dsat_dev_20260711_220001.dump
Error response from daemon: can only create exec sessions on running containers: container state improper
[Sun Jul 12 00:00:01 PDT 2026] Starting backup → /home/jb/DSAT_REDUX_MD/backups/dsat_dev_20260712_000001.dump
Error response from daemon: can only create exec sessions on running containers: container state improper
[Sun Jul 12 02:00:01 PDT 2026] Starting backup → /home/jb/DSAT_REDUX_MD/backups/dsat_dev_20260712_020001.dump
Error response from daemon: can only create exec sessions on running containers: container state improper
[Sun Jul 12 04:00:01 PDT 2026] Starting backup → /home/jb/DSAT_REDUX_MD/backups/dsat_dev_20260712_040001.dump
Error response from daemon: can only create exec sessions on running containers: container state improper
[Sun Jul 12 06:00:01 PDT 2026] Starting backup → /home/jb/DSAT_REDUX_MD/backups/dsat_dev_20260712_060001.dump
Error response from daemon: can only create exec sessions on running containers: container state improper
[Sun Jul 12 08:00:01 PDT 2026] Starting backup → /home/jb/DSAT_REDUX_MD/backups/dsat_dev_20260712_080001.dump
Error response from daemon: can only create exec sessions on running containers: container state improper
[Sun Jul 12 10:00:01 PDT 2026] Starting backup → /home/jb/DSAT_REDUX_MD/backups/dsat_dev_20260712_100001.dump
Error response from daemon: can only create exec sessions on running containers: container state improper
[Sun Jul 12 12:00:01 PDT 2026] Starting backup → /home/jb/DSAT_REDUX_MD/backups/dsat_dev_20260712_120001.dump
Error response from daemon: can only create exec sessions on running containers: container state improper
[Sun Jul 12 14:00:01 PDT 2026] Starting backup → /home/jb/DSAT_REDUX_MD/backups/dsat_dev_20260712_140001.dump
Error response from daemon: can only create exec sessions on running containers: container state improper
[Sun Jul 12 16:00:01 PDT 2026] Starting backup → /home/jb/DSAT_REDUX_MD/backups/dsat_dev_20260712_160001.dump
Error response from daemon: can only create exec sessions on running containers: container state improper
[Sun Jul 12 18:00:01 PDT 2026] Starting backup → /home/jb/DSAT_REDUX_MD/backups/dsat_dev_20260712_180001.dump
Error response from daemon: can only create exec sessions on running containers: container state improper
[Sun Jul 12 20:00:01 PDT 2026] Starting backup → /home/jb/DSAT_REDUX_MD/backups/dsat_dev_20260712_200001.dump
Error response from daemon: can only create exec sessions on running containers: container state improper
[Sun Jul 12 22:00:01 PDT 2026] Starting backup → /home/jb/DSAT_REDUX_MD/backups/dsat_dev_20260712_220001.dump
Error response from daemon: can only create exec sessions on running containers: container state improper
[Mon Jul 13 00:00:01 PDT 2026] Starting backup → /home/jb/DSAT_REDUX_MD/backups/dsat_dev_20260713_000001.dump
Error response from daemon: can only create exec sessions on running containers: container state improper
[Mon Jul 13 02:00:01 PDT 2026] Starting backup → /home/jb/DSAT_REDUX_MD/backups/dsat_dev_20260713_020001.dump
Error response from daemon: can only create exec sessions on running containers: container state improper
[Mon Jul 13 04:00:02 PDT 2026] Starting backup → /home/jb/DSAT_REDUX_MD/backups/dsat_dev_20260713_040002.dump
Error response from daemon: can only create exec sessions on running containers: container state improper
[Mon Jul 13 06:00:01 PDT 2026] Starting backup → /home/jb/DSAT_REDUX_MD/backups/dsat_dev_20260713_060001.dump
Error response from daemon: can only create exec sessions on running containers: container state improper
[Mon Jul 13 08:00:01 PDT 2026] Starting backup → /home/jb/DSAT_REDUX_MD/backups/dsat_dev_20260713_080001.dump
Error response from daemon: can only create exec sessions on running containers: container state improper
[Mon Jul 13 10:00:01 PDT 2026] Starting backup → /home/jb/DSAT_REDUX_MD/backups/dsat_dev_20260713_100001.dump
Error response from daemon: can only create exec sessions on running containers: container state improper
[Mon Jul 13 12:00:01 PDT 2026] Starting backup → /home/jb/DSAT_REDUX_MD/backups/dsat_dev_20260713_120001.dump
Error response from daemon: can only create exec sessions on running containers: container state improper
[Mon Jul 13 14:00:01 PDT 2026] Starting backup → /home/jb/DSAT_REDUX_MD/backups/dsat_dev_20260713_140001.dump
[Mon Jul 13 14:00:01 PDT 2026] Backup complete: /home/jb/DSAT_REDUX_MD/backups/dsat_dev_20260713_140001.dump (100K)
[Mon Jul 13 14:00:01 PDT 2026] Pruning old backup: /home/jb/DSAT_REDUX_MD/backups/dsat_dev_20260712_180001.dump
[Mon Jul 13 14:00:01 PDT 2026] Pruning old backup: /home/jb/DSAT_REDUX_MD/backups/dsat_dev_20260712_160001.dump
[Mon Jul 13 14:00:01 PDT 2026] Pruning old backup: /home/jb/DSAT_REDUX_MD/backups/dsat_dev_20260712_140001.dump
[Mon Jul 13 14:00:01 PDT 2026] Pruning old backup: /home/jb/DSAT_REDUX_MD/backups/dsat_dev_20260712_120001.dump
[Mon Jul 13 14:00:01 PDT 2026] Pruning old backup: /home/jb/DSAT_REDUX_MD/backups/dsat_dev_20260712_100001.dump
[Mon Jul 13 14:00:01 PDT 2026] Pruning old backup: /home/jb/DSAT_REDUX_MD/backups/dsat_dev_20260712_080001.dump
[Mon Jul 13 14:00:01 PDT 2026] Pruning old backup: /home/jb/DSAT_REDUX_MD/backups/dsat_dev_20260712_060001.dump
[Mon Jul 13 14:00:01 PDT 2026] Pruning old backup: /home/jb/DSAT_REDUX_MD/backups/dsat_dev_20260712_040001.dump
[Mon Jul 13 14:00:01 PDT 2026] Pruning old backup: /home/jb/DSAT_REDUX_MD/backups/dsat_dev_20260712_020001.dump
[Mon Jul 13 14:00:01 PDT 2026] Pruning old backup: /home/jb/DSAT_REDUX_MD/backups/dsat_dev_20260712_000001.dump
[Mon Jul 13 14:00:01 PDT 2026] Pruning old backup: /home/jb/DSAT_REDUX_MD/backups/dsat_dev_20260711_220001.dump
[Mon Jul 13 14:00:01 PDT 2026] Pruning old backup: /home/jb/DSAT_REDUX_MD/backups/dsat_dev_20260711_200001.dump
[Mon Jul 13 14:00:01 PDT 2026] Pruning old backup: /home/jb/DSAT_REDUX_MD/backups/dsat_dev_20260711_180001.dump
[Mon Jul 13 14:00:01 PDT 2026] Pruning old backup: /home/jb/DSAT_REDUX_MD/backups/dsat_dev_20260711_160001.dump
[Mon Jul 13 14:00:01 PDT 2026] Pruning old backup: /home/jb/DSAT_REDUX_MD/backups/dsat_dev_20260711_140001.dump
[Mon Jul 13 14:00:01 PDT 2026] Pruning old backup: /home/jb/DSAT_REDUX_MD/backups/dsat_dev_20260711_120001.dump
[Mon Jul 13 14:00:01 PDT 2026] Pruning old backup: /home/jb/DSAT_REDUX_MD/backups/dsat_dev_20260711_100001.dump
[Mon Jul 13 14:00:01 PDT 2026] Pruning old backup: /home/jb/DSAT_REDUX_MD/backups/dsat_dev_20260711_080001.dump
[Mon Jul 13 14:00:01 PDT 2026] Pruning old backup: /home/jb/DSAT_REDUX_MD/backups/dsat_dev_20260711_060001.dump
[Mon Jul 13 14:00:01 PDT 2026] Pruning old backup: /home/jb/DSAT_REDUX_MD/backups/dsat_dev_20260711_040001.dump
[Mon Jul 13 14:00:01 PDT 2026] Pruning old backup: /home/jb/DSAT_REDUX_MD/backups/dsat_dev_20260711_020001.dump
[Mon Jul 13 14:00:01 PDT 2026] Pruning old backup: /home/jb/DSAT_REDUX_MD/backups/dsat_dev_20260711_000001.dump
[Mon Jul 13 14:00:01 PDT 2026] Pruning old backup: /home/jb/DSAT_REDUX_MD/backups/dsat_dev_20260710_220001.dump
[Mon Jul 13 14:00:01 PDT 2026] Pruning old backup: /home/jb/DSAT_REDUX_MD/backups/dsat_dev_20260710_200001.dump
[Mon Jul 13 14:00:01 PDT 2026] Pruning old backup: /home/jb/DSAT_REDUX_MD/backups/dsat_dev_20260710_180001.dump
[Mon Jul 13 14:00:01 PDT 2026] Pruning old backup: /home/jb/DSAT_REDUX_MD/backups/dsat_dev_20260710_160001.dump
[Mon Jul 13 14:00:01 PDT 2026] Pruning old backup: /home/jb/DSAT_REDUX_MD/backups/dsat_dev_20260710_140001.dump
[Mon Jul 13 14:00:01 PDT 2026] Pruning old backup: /home/jb/DSAT_REDUX_MD/backups/dsat_dev_20260710_120001.dump
[Mon Jul 13 14:00:01 PDT 2026] Pruning old backup: /home/jb/DSAT_REDUX_MD/backups/dsat_dev_20260710_100001.dump
[Mon Jul 13 14:00:01 PDT 2026] Pruning old backup: /home/jb/DSAT_REDUX_MD/backups/dsat_dev_20260710_080002.dump
[Mon Jul 13 14:00:01 PDT 2026] Pruning old backup: /home/jb/DSAT_REDUX_MD/backups/dsat_dev_20260710_060001.dump
[Mon Jul 13 14:00:01 PDT 2026] Pruning old backup: /home/jb/DSAT_REDUX_MD/backups/dsat_dev_20260710_040001.dump
[Mon Jul 13 14:00:01 PDT 2026] Pruning old backup: /home/jb/DSAT_REDUX_MD/backups/dsat_dev_20260710_020001.dump
[Mon Jul 13 14:00:01 PDT 2026] Pruning old backup: /home/jb/DSAT_REDUX_MD/backups/dsat_dev_20260710_000001.dump
[Mon Jul 13 14:00:01 PDT 2026] Pruning old backup: /home/jb/DSAT_REDUX_MD/backups/dsat_dev_20260709_220001.dump
[Mon Jul 13 14:00:01 PDT 2026] Pruning old backup: /home/jb/DSAT_REDUX_MD/backups/dsat_dev_20260709_200001.dump
[Mon Jul 13 14:00:01 PDT 2026] Pruning old backup: /home/jb/DSAT_REDUX_MD/backups/dsat_dev_20260709_180001.dump
[Mon Jul 13 14:00:01 PDT 2026] Pruning old backup: /home/jb/DSAT_REDUX_MD/backups/dsat_dev_20260709_160001.dump
[Mon Jul 13 14:00:01 PDT 2026] Pruning old backup: /home/jb/DSAT_REDUX_MD/backups/dsat_dev_20260709_140001.dump
[Mon Jul 13 14:00:01 PDT 2026] Pruning old backup: /home/jb/DSAT_REDUX_MD/backups/dsat_dev_20260709_120002.dump
[Mon Jul 13 14:00:01 PDT 2026] Pruning old backup: /home/jb/DSAT_REDUX_MD/backups/dsat_dev_20260709_100001.dump
[Mon Jul 13 14:00:01 PDT 2026] Pruning old backup: /home/jb/DSAT_REDUX_MD/backups/dsat_dev_20260709_080001.dump
[Mon Jul 13 14:00:01 PDT 2026] Pruning old backup: /home/jb/DSAT_REDUX_MD/backups/dsat_dev_20260709_060001.dump
[Mon Jul 13 14:00:01 PDT 2026] Pruning old backup: /home/jb/DSAT_REDUX_MD/backups/dsat_dev_20260709_040001.dump
[Mon Jul 13 14:00:01 PDT 2026] Pruning old backup: /home/jb/DSAT_REDUX_MD/backups/dsat_dev_20260709_020001.dump
[Mon Jul 13 14:00:01 PDT 2026] Pruning old backup: /home/jb/DSAT_REDUX_MD/backups/dsat_dev_20260709_000001.dump
[Mon Jul 13 14:00:01 PDT 2026] Pruning old backup: /home/jb/DSAT_REDUX_MD/backups/dsat_dev_20260708_220001.dump
[Mon Jul 13 14:00:01 PDT 2026] Pruning old backup: /home/jb/DSAT_REDUX_MD/backups/dsat_dev_20260708_200001.dump
[Mon Jul 13 14:00:01 PDT 2026] Pruning old backup: /home/jb/DSAT_REDUX_MD/backups/dsat_dev_20260708_180001.dump
[Mon Jul 13 14:00:01 PDT 2026] Pruning old backup: /home/jb/DSAT_REDUX_MD/backups/dsat_dev_20260708_160002.dump
[Mon Jul 13 14:00:01 PDT 2026] Pruning old backup: /home/jb/DSAT_REDUX_MD/backups/dsat_dev_20260708_100002.dump
[Mon Jul 13 14:00:01 PDT 2026] Pruning old backup: /home/jb/DSAT_REDUX_MD/backups/dsat_dev_20260708_080001.dump
[Mon Jul 13 14:00:01 PDT 2026] Pruning old backup: /home/jb/DSAT_REDUX_MD/backups/dsat_dev_20260708_060001.dump
[Mon Jul 13 14:00:02 PDT 2026] Pruning old backup: /home/jb/DSAT_REDUX_MD/backups/dsat_dev_20260708_040001.dump
[Mon Jul 13 14:00:02 PDT 2026] Pruning old backup: /home/jb/DSAT_REDUX_MD/backups/dsat_dev_20260708_020001.dump
[Mon Jul 13 14:00:02 PDT 2026] Pruning old backup: /home/jb/DSAT_REDUX_MD/backups/dsat_dev_20260708_000001.dump
[Mon Jul 13 14:00:02 PDT 2026] Pruning old backup: /home/jb/DSAT_REDUX_MD/backups/dsat_dev_20260707_220001.dump
[Mon Jul 13 14:00:02 PDT 2026] Pruning old backup: /home/jb/DSAT_REDUX_MD/backups/dsat_dev_20260707_200001.dump
[Mon Jul 13 14:00:02 PDT 2026] Pruning old backup: /home/jb/DSAT_REDUX_MD/backups/dsat_dev_20260707_180001.dump
[Mon Jul 13 14:00:02 PDT 2026] Pruning old backup: /home/jb/DSAT_REDUX_MD/backups/dsat_dev_20260707_160001.dump
[Mon Jul 13 14:00:02 PDT 2026] Pruning old backup: /home/jb/DSAT_REDUX_MD/backups/dsat_dev_20260706_120001.dump
[Mon Jul 13 14:00:02 PDT 2026] Pruning old backup: /home/jb/DSAT_REDUX_MD/backups/dsat_dev_20260706_100001.dump
[Mon Jul 13 14:00:02 PDT 2026] Pruning old backup: /home/jb/DSAT_REDUX_MD/backups/dsat_dev_20260706_080001.dump
[Mon Jul 13 14:00:02 PDT 2026] Pruning old backup: /home/jb/DSAT_REDUX_MD/backups/dsat_dev_20260706_060001.dump
[Mon Jul 13 14:00:02 PDT 2026] Pruning old backup: /home/jb/DSAT_REDUX_MD/backups/dsat_dev_20260706_040001.dump
[Mon Jul 13 14:00:02 PDT 2026] Pruning old backup: /home/jb/DSAT_REDUX_MD/backups/dsat_dev_20260706_020001.dump
[Mon Jul 13 16:00:01 PDT 2026] Starting backup → /home/jb/DSAT_REDUX_MD/backups/dsat_dev_20260713_160001.dump
[Mon Jul 13 16:00:01 PDT 2026] Backup complete: /home/jb/DSAT_REDUX_MD/backups/dsat_dev_20260713_160001.dump (104K)
[Mon Jul 13 16:00:01 PDT 2026] Pruning old backup: /home/jb/DSAT_REDUX_MD/backups/dsat_dev_20260712_200001.dump
[Mon Jul 13 18:00:01 PDT 2026] Starting backup → /home/jb/DSAT_REDUX_MD/backups/dsat_dev_20260713_180001.dump
[Mon Jul 13 18:00:02 PDT 2026] Backup complete: /home/jb/DSAT_REDUX_MD/backups/dsat_dev_20260713_180001.dump (104K)
[Mon Jul 13 18:00:02 PDT 2026] Pruning old backup: /home/jb/DSAT_REDUX_MD/backups/dsat_dev_20260712_220001.dump
[Mon Jul 13 20:00:01 PDT 2026] Starting backup → /home/jb/DSAT_REDUX_MD/backups/dsat_dev_20260713_200001.dump
[Mon Jul 13 20:00:01 PDT 2026] Backup complete: /home/jb/DSAT_REDUX_MD/backups/dsat_dev_20260713_200001.dump (104K)
[Mon Jul 13 20:00:01 PDT 2026] Pruning old backup: /home/jb/DSAT_REDUX_MD/backups/dsat_dev_20260713_000001.dump
[Mon Jul 13 22:00:01 PDT 2026] Starting backup → /home/jb/DSAT_REDUX_MD/backups/dsat_dev_20260713_220001.dump
[Mon Jul 13 22:00:01 PDT 2026] Backup complete: /home/jb/DSAT_REDUX_MD/backups/dsat_dev_20260713_220001.dump (104K)
[Mon Jul 13 22:00:01 PDT 2026] Pruning old backup: /home/jb/DSAT_REDUX_MD/backups/dsat_dev_20260713_020001.dump
[Tue Jul 14 00:00:01 PDT 2026] Starting backup → /home/jb/DSAT_REDUX_MD/backups/dsat_dev_20260714_000001.dump
[Tue Jul 14 00:00:01 PDT 2026] Backup complete: /home/jb/DSAT_REDUX_MD/backups/dsat_dev_20260714_000001.dump (104K)
[Tue Jul 14 00:00:01 PDT 2026] Pruning old backup: /home/jb/DSAT_REDUX_MD/backups/dsat_dev_20260713_040002.dump
[Tue Jul 14 02:00:01 PDT 2026] Starting backup → /home/jb/DSAT_REDUX_MD/backups/dsat_dev_20260714_020001.dump
[Tue Jul 14 02:00:01 PDT 2026] Backup complete: /home/jb/DSAT_REDUX_MD/backups/dsat_dev_20260714_020001.dump (104K)
[Tue Jul 14 02:00:01 PDT 2026] Pruning old backup: /home/jb/DSAT_REDUX_MD/backups/dsat_dev_20260713_060001.dump
[Tue Jul 14 04:00:01 PDT 2026] Starting backup → /home/jb/DSAT_REDUX_MD/backups/dsat_dev_20260714_040001.dump
[Tue Jul 14 04:00:02 PDT 2026] Backup complete: /home/jb/DSAT_REDUX_MD/backups/dsat_dev_20260714_040001.dump (104K)
[Tue Jul 14 04:00:02 PDT 2026] Pruning old backup: /home/jb/DSAT_REDUX_MD/backups/dsat_dev_20260713_080001.dump
[Tue Jul 14 06:00:01 PDT 2026] Starting backup → /home/jb/DSAT_REDUX_MD/backups/dsat_dev_20260714_060001.dump
[Tue Jul 14 06:00:01 PDT 2026] Backup complete: /home/jb/DSAT_REDUX_MD/backups/dsat_dev_20260714_060001.dump (104K)
[Tue Jul 14 06:00:01 PDT 2026] Pruning old backup: /home/jb/DSAT_REDUX_MD/backups/dsat_dev_20260713_100001.dump
[Tue Jul 14 08:00:01 PDT 2026] Starting backup → /home/jb/DSAT_REDUX_MD/backups/dsat_dev_20260714_080001.dump
[Tue Jul 14 08:00:01 PDT 2026] Backup complete: /home/jb/DSAT_REDUX_MD/backups/dsat_dev_20260714_080001.dump (104K)
[Tue Jul 14 08:00:01 PDT 2026] Pruning old backup: /home/jb/DSAT_REDUX_MD/backups/dsat_dev_20260713_120001.dump
[Tue Jul 14 10:00:01 PDT 2026] Starting backup → /home/jb/DSAT_REDUX_MD/backups/dsat_dev_20260714_100001.dump
[Tue Jul 14 10:00:01 PDT 2026] Backup complete: /home/jb/DSAT_REDUX_MD/backups/dsat_dev_20260714_100001.dump (104K)
[Tue Jul 14 10:00:01 PDT 2026] Pruning old backup: /home/jb/DSAT_REDUX_MD/backups/dsat_dev_20260713_140001.dump
[Tue Jul 14 12:00:01 PDT 2026] Starting backup → /home/jb/DSAT_REDUX_MD/backups/dsat_dev_20260714_120001.dump
[Tue Jul 14 12:00:02 PDT 2026] Backup complete: /home/jb/DSAT_REDUX_MD/backups/dsat_dev_20260714_120001.dump (104K)
[Tue Jul 14 12:00:02 PDT 2026] Pruning old backup: /home/jb/DSAT_REDUX_MD/backups/dsat_dev_20260713_160001.dump
[Tue Jul 14 14:00:01 PDT 2026] Starting backup → /home/jb/DSAT_REDUX_MD/backups/dsat_dev_20260714_140001.dump
[Tue Jul 14 14:00:01 PDT 2026] Backup complete: /home/jb/DSAT_REDUX_MD/backups/dsat_dev_20260714_140001.dump (104K)
[Tue Jul 14 14:00:01 PDT 2026] Pruning old backup: /home/jb/DSAT_REDUX_MD/backups/dsat_dev_20260713_180001.dump
[Tue Jul 14 16:00:01 PDT 2026] Starting backup → /home/jb/DSAT_REDUX_MD/backups/dsat_dev_20260714_160001.dump
[Tue Jul 14 16:00:01 PDT 2026] Backup complete: /home/jb/DSAT_REDUX_MD/backups/dsat_dev_20260714_160001.dump (104K)
[Tue Jul 14 16:00:01 PDT 2026] Pruning old backup: /home/jb/DSAT_REDUX_MD/backups/dsat_dev_20260713_200001.dump
[Tue Jul 14 18:00:01 PDT 2026] Starting backup → /home/jb/DSAT_REDUX_MD/backups/dsat_dev_20260714_180001.dump
[Tue Jul 14 18:00:01 PDT 2026] Backup complete: /home/jb/DSAT_REDUX_MD/backups/dsat_dev_20260714_180001.dump (104K)
[Tue Jul 14 18:00:01 PDT 2026] Pruning old backup: /home/jb/DSAT_REDUX_MD/backups/dsat_dev_20260713_220001.dump
[Tue Jul 14 20:00:01 PDT 2026] Starting backup → /home/jb/DSAT_REDUX_MD/backups/dsat_dev_20260714_200001.dump
[Tue Jul 14 20:00:02 PDT 2026] Backup complete: /home/jb/DSAT_REDUX_MD/backups/dsat_dev_20260714_200001.dump (104K)
[Tue Jul 14 20:00:02 PDT 2026] Pruning old backup: /home/jb/DSAT_REDUX_MD/backups/dsat_dev_20260714_000001.dump
[Tue Jul 14 22:00:01 PDT 2026] Starting backup → /home/jb/DSAT_REDUX_MD/backups/dsat_dev_20260714_220001.dump
[Tue Jul 14 22:00:01 PDT 2026] Backup complete: /home/jb/DSAT_REDUX_MD/backups/dsat_dev_20260714_220001.dump (104K)
[Tue Jul 14 22:00:01 PDT 2026] Pruning old backup: /home/jb/DSAT_REDUX_MD/backups/dsat_dev_20260714_020001.dump
[Wed Jul 15 00:00:01 PDT 2026] Starting backup → /home/jb/DSAT_REDUX_MD/backups/dsat_dev_20260715_000001.dump
[Wed Jul 15 00:00:01 PDT 2026] Backup complete: /home/jb/DSAT_REDUX_MD/backups/dsat_dev_20260715_000001.dump (104K)
[Wed Jul 15 00:00:01 PDT 2026] Pruning old backup: /home/jb/DSAT_REDUX_MD/backups/dsat_dev_20260714_040001.dump
[Wed Jul 15 02:00:01 PDT 2026] Starting backup → /home/jb/DSAT_REDUX_MD/backups/dsat_dev_20260715_020001.dump
[Wed Jul 15 02:00:01 PDT 2026] Backup complete: /home/jb/DSAT_REDUX_MD/backups/dsat_dev_20260715_020001.dump (104K)
[Wed Jul 15 02:00:01 PDT 2026] Pruning old backup: /home/jb/DSAT_REDUX_MD/backups/dsat_dev_20260714_060001.dump
[Wed Jul 15 04:00:01 PDT 2026] Starting backup → /home/jb/DSAT_REDUX_MD/backups/dsat_dev_20260715_040001.dump
[Wed Jul 15 04:00:01 PDT 2026] Backup complete: /home/jb/DSAT_REDUX_MD/backups/dsat_dev_20260715_040001.dump (104K)
[Wed Jul 15 04:00:01 PDT 2026] Pruning old backup: /home/jb/DSAT_REDUX_MD/backups/dsat_dev_20260714_080001.dump
[Wed Jul 15 06:00:01 PDT 2026] Starting backup → /home/jb/DSAT_REDUX_MD/backups/dsat_dev_20260715_060001.dump
[Wed Jul 15 06:00:02 PDT 2026] Backup complete: /home/jb/DSAT_REDUX_MD/backups/dsat_dev_20260715_060001.dump (104K)
[Wed Jul 15 06:00:02 PDT 2026] Pruning old backup: /home/jb/DSAT_REDUX_MD/backups/dsat_dev_20260714_100001.dump
[Wed Jul 15 08:00:01 PDT 2026] Starting backup → /home/jb/DSAT_REDUX_MD/backups/dsat_dev_20260715_080001.dump
[Wed Jul 15 08:00:01 PDT 2026] Backup complete: /home/jb/DSAT_REDUX_MD/backups/dsat_dev_20260715_080001.dump (104K)
[Wed Jul 15 08:00:01 PDT 2026] Pruning old backup: /home/jb/DSAT_REDUX_MD/backups/dsat_dev_20260714_120001.dump
[Wed Jul 15 10:00:01 PDT 2026] Starting backup → /home/jb/DSAT_REDUX_MD/backups/dsat_dev_20260715_100001.dump
[Wed Jul 15 10:00:02 PDT 2026] Backup complete: /home/jb/DSAT_REDUX_MD/backups/dsat_dev_20260715_100001.dump (104K)
[Wed Jul 15 10:00:02 PDT 2026] Pruning old backup: /home/jb/DSAT_REDUX_MD/backups/dsat_dev_20260714_140001.dump
[Wed Jul 15 12:00:01 PDT 2026] Starting backup → /home/jb/DSAT_REDUX_MD/backups/dsat_dev_20260715_120001.dump
[Wed Jul 15 12:00:01 PDT 2026] Backup complete: /home/jb/DSAT_REDUX_MD/backups/dsat_dev_20260715_120001.dump (140K)
[Wed Jul 15 12:00:01 PDT 2026] Pruning old backup: /home/jb/DSAT_REDUX_MD/backups/dsat_dev_20260714_160001.dump
[Wed Jul 15 14:00:01 PDT 2026] Starting backup → /home/jb/DSAT_REDUX_MD/backups/dsat_dev_20260715_140001.dump
[Wed Jul 15 14:00:02 PDT 2026] Backup complete: /home/jb/DSAT_REDUX_MD/backups/dsat_dev_20260715_140001.dump (4.1M)
[Wed Jul 15 14:00:02 PDT 2026] Pruning old backup: /home/jb/DSAT_REDUX_MD/backups/dsat_dev_20260715_020001.dump
[Wed Jul 15 14:00:02 PDT 2026] Pruning old backup: /home/jb/DSAT_REDUX_MD/backups/dsat_dev_20260715_000001.dump
[Wed Jul 15 14:00:02 PDT 2026] Pruning old backup: /home/jb/DSAT_REDUX_MD/backups/dsat_dev_20260714_220001.dump
[Wed Jul 15 14:00:02 PDT 2026] Pruning old backup: /home/jb/DSAT_REDUX_MD/backups/dsat_dev_20260714_200001.dump
[Wed Jul 15 14:00:02 PDT 2026] Pruning old backup: /home/jb/DSAT_REDUX_MD/backups/dsat_dev_20260714_180001.dump
[Wed Jul 15 16:00:01 PDT 2026] Starting backup → /home/jb/DSAT_REDUX_MD/backups/dsat_dev_20260715_160001.dump
Error response from daemon: can only create exec sessions on running containers: container state improper
[Wed Jul 15 18:00:01 PDT 2026] Starting backup → /home/jb/DSAT_REDUX_MD/backups/dsat_dev_20260715_180001.dump
[Wed Jul 15 18:00:01 PDT 2026] Backup complete: /home/jb/DSAT_REDUX_MD/backups/dsat_dev_20260715_180001.dump (4.1M)
[Wed Jul 15 18:00:01 PDT 2026] Pruning old backup: /home/jb/DSAT_REDUX_MD/backups/dsat_dev_20260715_060001.dump
[Wed Jul 15 18:00:01 PDT 2026] Pruning old backup: /home/jb/DSAT_REDUX_MD/backups/dsat_dev_20260715_040001.dump
[Wed Jul 15 20:05:18 PDT 2026] Starting backup → /home/jb/DSAT_REDUX_MD/backups/dsat_dev_20260715_200518.dump
[Wed Jul 15 22:05:18 PDT 2026] Starting backup → /home/jb/DSAT_REDUX_MD/backups/dsat_dev_20260715_220518.dump
[Thu Jul 16 00:05:18 PDT 2026] Starting backup → /home/jb/DSAT_REDUX_MD/backups/dsat_dev_20260716_000518.dump
[Thu Jul 16 02:00:01 PDT 2026] Starting backup → /home/jb/DSAT_REDUX_MD/backups/dsat_dev_20260716_020001.dump
[Thu Jul 16 02:00:02 PDT 2026] Backup complete: /home/jb/DSAT_REDUX_MD/backups/dsat_dev_20260716_020001.dump (4.1M)
[Thu Jul 16 02:00:02 PDT 2026] Pruning old backup: /home/jb/DSAT_REDUX_MD/backups/dsat_dev_20260715_080001.dump
[Thu Jul 16 04:00:01 PDT 2026] Starting backup → /home/jb/DSAT_REDUX_MD/backups/dsat_dev_20260716_040001.dump
[Thu Jul 16 04:00:01 PDT 2026] Backup complete: /home/jb/DSAT_REDUX_MD/backups/dsat_dev_20260716_040001.dump (4.1M)
[Thu Jul 16 04:00:01 PDT 2026] Pruning old backup: /home/jb/DSAT_REDUX_MD/backups/dsat_dev_20260715_100001.dump
[Thu Jul 16 06:00:01 PDT 2026] Starting backup → /home/jb/DSAT_REDUX_MD/backups/dsat_dev_20260716_060001.dump
[Thu Jul 16 06:00:01 PDT 2026] Backup complete: /home/jb/DSAT_REDUX_MD/backups/dsat_dev_20260716_060001.dump (4.1M)
[Thu Jul 16 06:00:01 PDT 2026] Pruning old backup: /home/jb/DSAT_REDUX_MD/backups/dsat_dev_20260715_120001.dump
[Thu Jul 16 08:00:01 PDT 2026] Starting backup → /home/jb/DSAT_REDUX_MD/backups/dsat_dev_20260716_080001.dump
[Thu Jul 16 08:00:02 PDT 2026] Backup complete: /home/jb/DSAT_REDUX_MD/backups/dsat_dev_20260716_080001.dump (4.1M)
[Thu Jul 16 08:00:02 PDT 2026] Pruning old backup: /home/jb/DSAT_REDUX_MD/backups/dsat_dev_20260715_140001.dump
[Thu Jul 16 10:00:01 PDT 2026] Starting backup → /home/jb/DSAT_REDUX_MD/backups/dsat_dev_20260716_100001.dump
Error response from daemon: can only create exec sessions on running containers: container state improper
[Thu Jul 16 12:00:01 PDT 2026] Starting backup → /home/jb/DSAT_REDUX_MD/backups/dsat_dev_20260716_120001.dump
[Thu Jul 16 12:00:02 PDT 2026] Backup complete: /home/jb/DSAT_REDUX_MD/backups/dsat_dev_20260716_120001.dump (4.1M)
[Thu Jul 16 12:00:02 PDT 2026] Pruning old backup: /home/jb/DSAT_REDUX_MD/backups/dsat_dev_20260715_180001.dump
[Thu Jul 16 12:00:02 PDT 2026] Pruning old backup: /home/jb/DSAT_REDUX_MD/backups/dsat_dev_20260715_160001.dump
[Thu Jul 16 14:00:01 PDT 2026] Starting backup → /home/jb/DSAT_REDUX_MD/backups/dsat_dev_20260716_140001.dump
[Thu Jul 16 14:00:02 PDT 2026] Backup complete: /home/jb/DSAT_REDUX_MD/backups/dsat_dev_20260716_140001.dump (4.1M)
[Thu Jul 16 14:00:02 PDT 2026] Pruning old backup: /home/jb/DSAT_REDUX_MD/backups/dsat_dev_20260716_020001.dump
[Thu Jul 16 16:00:01 PDT 2026] Starting backup → /home/jb/DSAT_REDUX_MD/backups/dsat_dev_20260716_160001.dump
[Thu Jul 16 16:00:01 PDT 2026] Backup complete: /home/jb/DSAT_REDUX_MD/backups/dsat_dev_20260716_160001.dump (4.1M)
[Thu Jul 16 16:00:01 PDT 2026] Pruning old backup: /home/jb/DSAT_REDUX_MD/backups/dsat_dev_20260716_040001.dump
[Thu Jul 16 18:00:01 PDT 2026] Starting backup → /home/jb/DSAT_REDUX_MD/backups/dsat_dev_20260716_180001.dump
[Thu Jul 16 18:00:01 PDT 2026] Backup complete: /home/jb/DSAT_REDUX_MD/backups/dsat_dev_20260716_180001.dump (4.1M)
[Thu Jul 16 18:00:01 PDT 2026] Pruning old backup: /home/jb/DSAT_REDUX_MD/backups/dsat_dev_20260716_060001.dump
[Thu Jul 16 20:00:01 PDT 2026] Starting backup → /home/jb/DSAT_REDUX_MD/backups/dsat_dev_20260716_200001.dump
[Thu Jul 16 20:00:01 PDT 2026] Backup complete: /home/jb/DSAT_REDUX_MD/backups/dsat_dev_20260716_200001.dump (4.1M)
[Thu Jul 16 20:00:01 PDT 2026] Pruning old backup: /home/jb/DSAT_REDUX_MD/backups/dsat_dev_20260716_080001.dump
[Thu Jul 16 22:00:01 PDT 2026] Starting backup → /home/jb/DSAT_REDUX_MD/backups/dsat_dev_20260716_220001.dump
[Thu Jul 16 22:00:02 PDT 2026] Backup complete: /home/jb/DSAT_REDUX_MD/backups/dsat_dev_20260716_220001.dump (4.1M)
[Thu Jul 16 22:00:02 PDT 2026] Pruning old backup: /home/jb/DSAT_REDUX_MD/backups/dsat_dev_20260716_100001.dump
[Fri Jul 17 00:00:01 PDT 2026] Starting backup → /home/jb/DSAT_REDUX_MD/backups/dsat_dev_20260717_000001.dump
[Fri Jul 17 00:00:02 PDT 2026] Backup complete: /home/jb/DSAT_REDUX_MD/backups/dsat_dev_20260717_000001.dump (4.1M)
[Fri Jul 17 00:00:02 PDT 2026] Pruning old backup: /home/jb/DSAT_REDUX_MD/backups/dsat_dev_20260716_120001.dump
[Fri Jul 17 02:00:01 PDT 2026] Starting backup → /home/jb/DSAT_REDUX_MD/backups/dsat_dev_20260717_020001.dump
[Fri Jul 17 02:00:02 PDT 2026] Backup complete: /home/jb/DSAT_REDUX_MD/backups/dsat_dev_20260717_020001.dump (4.1M)
[Fri Jul 17 02:00:02 PDT 2026] Pruning old backup: /home/jb/DSAT_REDUX_MD/backups/dsat_dev_20260716_140001.dump
[Fri Jul 17 04:00:01 PDT 2026] Starting backup → /home/jb/DSAT_REDUX_MD/backups/dsat_dev_20260717_040001.dump
[Fri Jul 17 04:00:01 PDT 2026] Backup complete: /home/jb/DSAT_REDUX_MD/backups/dsat_dev_20260717_040001.dump (4.1M)
[Fri Jul 17 04:00:01 PDT 2026] Pruning old backup: /home/jb/DSAT_REDUX_MD/backups/dsat_dev_20260716_160001.dump
[Fri Jul 17 06:00:01 PDT 2026] Starting backup → /home/jb/DSAT_REDUX_MD/backups/dsat_dev_20260717_060001.dump
[Fri Jul 17 06:00:01 PDT 2026] Backup complete: /home/jb/DSAT_REDUX_MD/backups/dsat_dev_20260717_060001.dump (4.1M)
[Fri Jul 17 06:00:01 PDT 2026] Pruning old backup: /home/jb/DSAT_REDUX_MD/backups/dsat_dev_20260716_180001.dump
[Fri Jul 17 08:00:01 PDT 2026] Starting backup → /home/jb/DSAT_REDUX_MD/backups/dsat_dev_20260717_080001.dump
[Fri Jul 17 08:00:02 PDT 2026] Backup complete: /home/jb/DSAT_REDUX_MD/backups/dsat_dev_20260717_080001.dump (4.1M)
[Fri Jul 17 08:00:02 PDT 2026] Pruning old backup: /home/jb/DSAT_REDUX_MD/backups/dsat_dev_20260716_200001.dump
[Fri Jul 17 10:00:01 PDT 2026] Starting backup → /home/jb/DSAT_REDUX_MD/backups/dsat_dev_20260717_100001.dump
[Fri Jul 17 10:00:02 PDT 2026] Backup complete: /home/jb/DSAT_REDUX_MD/backups/dsat_dev_20260717_100001.dump (4.1M)
[Fri Jul 17 10:00:02 PDT 2026] Pruning old backup: /home/jb/DSAT_REDUX_MD/backups/dsat_dev_20260716_220001.dump
[Fri Jul 17 12:00:01 PDT 2026] Starting backup → /home/jb/DSAT_REDUX_MD/backups/dsat_dev_20260717_120001.dump
Error response from daemon: can only create exec sessions on running containers: container state improper
[Fri Jul 17 14:00:01 PDT 2026] Starting backup → /home/jb/DSAT_REDUX_MD/backups/dsat_dev_20260717_140001.dump
Error response from daemon: can only create exec sessions on running containers: container state improper
[Fri Jul 17 16:00:01 PDT 2026] Starting backup → /home/jb/DSAT_REDUX_MD/backups/dsat_dev_20260717_160001.dump
Error response from daemon: can only create exec sessions on running containers: container state improper
[Fri Jul 17 18:00:01 PDT 2026] Starting backup → /home/jb/DSAT_REDUX_MD/backups/dsat_dev_20260717_180001.dump
Error response from daemon: can only create exec sessions on running containers: container state improper
[Fri Jul 17 20:00:01 PDT 2026] Starting backup → /home/jb/DSAT_REDUX_MD/backups/dsat_dev_20260717_200001.dump
Error response from daemon: can only create exec sessions on running containers: container state improper
[Fri Jul 17 22:00:01 PDT 2026] Starting backup → /home/jb/DSAT_REDUX_MD/backups/dsat_dev_20260717_220001.dump
[Fri Jul 17 22:00:01 PDT 2026] Backup complete: /home/jb/DSAT_REDUX_MD/backups/dsat_dev_20260717_220001.dump (4.1M)
[Fri Jul 17 22:00:01 PDT 2026] Pruning old backup: /home/jb/DSAT_REDUX_MD/backups/dsat_dev_20260717_100001.dump
[Fri Jul 17 22:00:01 PDT 2026] Pruning old backup: /home/jb/DSAT_REDUX_MD/backups/dsat_dev_20260717_080001.dump
[Fri Jul 17 22:00:01 PDT 2026] Pruning old backup: /home/jb/DSAT_REDUX_MD/backups/dsat_dev_20260717_060001.dump
[Fri Jul 17 22:00:01 PDT 2026] Pruning old backup: /home/jb/DSAT_REDUX_MD/backups/dsat_dev_20260717_040001.dump
[Fri Jul 17 22:00:01 PDT 2026] Pruning old backup: /home/jb/DSAT_REDUX_MD/backups/dsat_dev_20260717_020001.dump
[Fri Jul 17 22:00:01 PDT 2026] Pruning old backup: /home/jb/DSAT_REDUX_MD/backups/dsat_dev_20260717_000001.dump
[Sat Jul 18 00:00:01 PDT 2026] Starting backup → /home/jb/DSAT_REDUX_MD/backups/dsat_dev_20260718_000001.dump
[Sat Jul 18 00:00:02 PDT 2026] Backup complete: /home/jb/DSAT_REDUX_MD/backups/dsat_dev_20260718_000001.dump (4.1M)
[Sat Jul 18 00:00:02 PDT 2026] Pruning old backup: /home/jb/DSAT_REDUX_MD/backups/dsat_dev_20260717_120001.dump
[Sat Jul 18 02:00:01 PDT 2026] Starting backup → /home/jb/DSAT_REDUX_MD/backups/dsat_dev_20260718_020001.dump
[Sat Jul 18 02:00:02 PDT 2026] Backup complete: /home/jb/DSAT_REDUX_MD/backups/dsat_dev_20260718_020001.dump (4.1M)
[Sat Jul 18 02:00:02 PDT 2026] Pruning old backup: /home/jb/DSAT_REDUX_MD/backups/dsat_dev_20260717_140001.dump
[Sat Jul 18 04:00:01 PDT 2026] Starting backup → /home/jb/DSAT_REDUX_MD/backups/dsat_dev_20260718_040001.dump
[Sat Jul 18 04:00:01 PDT 2026] Backup complete: /home/jb/DSAT_REDUX_MD/backups/dsat_dev_20260718_040001.dump (4.1M)
[Sat Jul 18 04:00:01 PDT 2026] Pruning old backup: /home/jb/DSAT_REDUX_MD/backups/dsat_dev_20260717_160001.dump
[Sat Jul 18 06:00:01 PDT 2026] Starting backup → /home/jb/DSAT_REDUX_MD/backups/dsat_dev_20260718_060001.dump
[Sat Jul 18 06:00:01 PDT 2026] Backup complete: /home/jb/DSAT_REDUX_MD/backups/dsat_dev_20260718_060001.dump (4.1M)
[Sat Jul 18 06:00:01 PDT 2026] Pruning old backup: /home/jb/DSAT_REDUX_MD/backups/dsat_dev_20260717_180001.dump
[Sat Jul 18 08:00:01 PDT 2026] Starting backup → /home/jb/DSAT_REDUX_MD/backups/dsat_dev_20260718_080001.dump
[Sat Jul 18 08:00:02 PDT 2026] Backup complete: /home/jb/DSAT_REDUX_MD/backups/dsat_dev_20260718_080001.dump (4.1M)
[Sat Jul 18 08:00:02 PDT 2026] Pruning old backup: /home/jb/DSAT_REDUX_MD/backups/dsat_dev_20260717_200001.dump
[Sat Jul 18 10:00:01 PDT 2026] Starting backup → /home/jb/DSAT_REDUX_MD/backups/dsat_dev_20260718_100001.dump
[Sat Jul 18 10:00:02 PDT 2026] Backup complete: /home/jb/DSAT_REDUX_MD/backups/dsat_dev_20260718_100001.dump (4.1M)
[Sat Jul 18 10:00:02 PDT 2026] Pruning old backup: /home/jb/DSAT_REDUX_MD/backups/dsat_dev_20260717_220001.dump
[Sat Jul 18 12:00:01 PDT 2026] Starting backup → /home/jb/DSAT_REDUX_MD/backups/dsat_dev_20260718_120001.dump
[Sat Jul 18 12:00:02 PDT 2026] Backup complete: /home/jb/DSAT_REDUX_MD/backups/dsat_dev_20260718_120001.dump (4.1M)
[Sat Jul 18 12:00:02 PDT 2026] Pruning old backup: /home/jb/DSAT_REDUX_MD/backups/dsat_dev_20260718_000001.dump
[Sat Jul 18 14:00:01 PDT 2026] Starting backup → /home/jb/DSAT_REDUX_MD/backups/dsat_dev_20260718_140001.dump
[Sat Jul 18 14:00:02 PDT 2026] Backup complete: /home/jb/DSAT_REDUX_MD/backups/dsat_dev_20260718_140001.dump (4.1M)
[Sat Jul 18 14:00:02 PDT 2026] Pruning old backup: /home/jb/DSAT_REDUX_MD/backups/dsat_dev_20260718_020001.dump
[Sat Jul 18 16:00:01 PDT 2026] Starting backup → /home/jb/DSAT_REDUX_MD/backups/dsat_dev_20260718_160001.dump
[Sat Jul 18 16:00:01 PDT 2026] Backup complete: /home/jb/DSAT_REDUX_MD/backups/dsat_dev_20260718_160001.dump (4.1M)
[Sat Jul 18 16:00:01 PDT 2026] Pruning old backup: /home/jb/DSAT_REDUX_MD/backups/dsat_dev_20260718_040001.dump
[Sat Jul 18 18:00:01 PDT 2026] Starting backup → /home/jb/DSAT_REDUX_MD/backups/dsat_dev_20260718_180001.dump
[Sat Jul 18 18:00:01 PDT 2026] Backup complete: /home/jb/DSAT_REDUX_MD/backups/dsat_dev_20260718_180001.dump (4.1M)
[Sat Jul 18 18:00:01 PDT 2026] Pruning old backup: /home/jb/DSAT_REDUX_MD/backups/dsat_dev_20260718_060001.dump
[Sat Jul 18 20:00:01 PDT 2026] Starting backup → /home/jb/DSAT_REDUX_MD/backups/dsat_dev_20260718_200001.dump
[Sat Jul 18 20:00:02 PDT 2026] Backup complete: /home/jb/DSAT_REDUX_MD/backups/dsat_dev_20260718_200001.dump (4.1M)
[Sat Jul 18 20:00:02 PDT 2026] Pruning old backup: /home/jb/DSAT_REDUX_MD/backups/dsat_dev_20260718_080001.dump
[Sat Jul 18 22:00:01 PDT 2026] Starting backup → /home/jb/DSAT_REDUX_MD/backups/dsat_dev_20260718_220001.dump
[Sat Jul 18 22:00:02 PDT 2026] Backup complete: /home/jb/DSAT_REDUX_MD/backups/dsat_dev_20260718_220001.dump (4.1M)
[Sat Jul 18 22:00:02 PDT 2026] Pruning old backup: /home/jb/DSAT_REDUX_MD/backups/dsat_dev_20260718_100001.dump
[Sun Jul 19 00:00:01 PDT 2026] Starting backup → /home/jb/DSAT_REDUX_MD/backups/dsat_dev_20260719_000001.dump
[Sun Jul 19 00:00:02 PDT 2026] Backup complete: /home/jb/DSAT_REDUX_MD/backups/dsat_dev_20260719_000001.dump (4.1M)
[Sun Jul 19 00:00:02 PDT 2026] Pruning old backup: /home/jb/DSAT_REDUX_MD/backups/dsat_dev_20260718_120001.dump
[Sun Jul 19 02:00:01 PDT 2026] Starting backup → /home/jb/DSAT_REDUX_MD/backups/dsat_dev_20260719_020001.dump
[Sun Jul 19 02:00:02 PDT 2026] Backup complete: /home/jb/DSAT_REDUX_MD/backups/dsat_dev_20260719_020001.dump (4.1M)
[Sun Jul 19 02:00:02 PDT 2026] Pruning old backup: /home/jb/DSAT_REDUX_MD/backups/dsat_dev_20260718_140001.dump
[Sun Jul 19 04:00:01 PDT 2026] Starting backup → /home/jb/DSAT_REDUX_MD/backups/dsat_dev_20260719_040001.dump
[Sun Jul 19 04:00:02 PDT 2026] Backup complete: /home/jb/DSAT_REDUX_MD/backups/dsat_dev_20260719_040001.dump (4.1M)
[Sun Jul 19 04:00:02 PDT 2026] Pruning old backup: /home/jb/DSAT_REDUX_MD/backups/dsat_dev_20260718_160001.dump
[Sun Jul 19 06:00:01 PDT 2026] Starting backup → /home/jb/DSAT_REDUX_MD/backups/dsat_dev_20260719_060001.dump
[Sun Jul 19 06:00:02 PDT 2026] Backup complete: /home/jb/DSAT_REDUX_MD/backups/dsat_dev_20260719_060001.dump (4.1M)
[Sun Jul 19 06:00:02 PDT 2026] Pruning old backup: /home/jb/DSAT_REDUX_MD/backups/dsat_dev_20260718_180001.dump
[Sun Jul 19 08:00:01 PDT 2026] Starting backup → /home/jb/DSAT_REDUX_MD/backups/dsat_dev_20260719_080001.dump
[Sun Jul 19 08:00:02 PDT 2026] Backup complete: /home/jb/DSAT_REDUX_MD/backups/dsat_dev_20260719_080001.dump (4.1M)
[Sun Jul 19 08:00:02 PDT 2026] Pruning old backup: /home/jb/DSAT_REDUX_MD/backups/dsat_dev_20260718_200001.dump
[Sun Jul 19 10:00:01 PDT 2026] Starting backup → /home/jb/DSAT_REDUX_MD/backups/dsat_dev_20260719_100001.dump
[Sun Jul 19 10:00:02 PDT 2026] Backup complete: /home/jb/DSAT_REDUX_MD/backups/dsat_dev_20260719_100001.dump (4.1M)
[Sun Jul 19 10:00:02 PDT 2026] Pruning old backup: /home/jb/DSAT_REDUX_MD/backups/dsat_dev_20260718_220001.dump
[Sun Jul 19 12:00:01 PDT 2026] Starting backup → /home/jb/DSAT_REDUX_MD/backups/dsat_dev_20260719_120001.dump
[Sun Jul 19 12:00:01 PDT 2026] Backup complete: /home/jb/DSAT_REDUX_MD/backups/dsat_dev_20260719_120001.dump (4.1M)
[Sun Jul 19 12:00:01 PDT 2026] Pruning old backup: /home/jb/DSAT_REDUX_MD/backups/dsat_dev_20260719_000001.dump
[Sun Jul 19 14:00:01 PDT 2026] Starting backup → /home/jb/DSAT_REDUX_MD/backups/dsat_dev_20260719_140001.dump
[Sun Jul 19 14:00:01 PDT 2026] Backup complete: /home/jb/DSAT_REDUX_MD/backups/dsat_dev_20260719_140001.dump (4.1M)
[Sun Jul 19 14:00:01 PDT 2026] Pruning old backup: /home/jb/DSAT_REDUX_MD/backups/dsat_dev_20260719_020001.dump
[Sun Jul 19 16:00:01 PDT 2026] Starting backup → /home/jb/DSAT_REDUX_MD/backups/dsat_dev_20260719_160001.dump
[Sun Jul 19 16:00:02 PDT 2026] Backup complete: /home/jb/DSAT_REDUX_MD/backups/dsat_dev_20260719_160001.dump (4.1M)
[Sun Jul 19 16:00:02 PDT 2026] Pruning old backup: /home/jb/DSAT_REDUX_MD/backups/dsat_dev_20260719_040001.dump
[Sun Jul 19 18:00:01 PDT 2026] Starting backup → /home/jb/DSAT_REDUX_MD/backups/dsat_dev_20260719_180001.dump
Error response from daemon: can only create exec sessions on running containers: container state improper
[Sun Jul 19 20:00:01 PDT 2026] Starting backup → /home/jb/DSAT_REDUX_MD/backups/dsat_dev_20260719_200001.dump
Error response from daemon: can only create exec sessions on running containers: container state improper
[Sun Jul 19 22:00:01 PDT 2026] Starting backup → /home/jb/DSAT_REDUX_MD/backups/dsat_dev_20260719_220001.dump
Error response from daemon: can only create exec sessions on running containers: container state improper
[Mon Jul 20 00:00:01 PDT 2026] Starting backup → /home/jb/DSAT_REDUX_MD/backups/dsat_dev_20260720_000001.dump
Error response from daemon: can only create exec sessions on running containers: container state improper
[Mon Jul 20 02:00:01 PDT 2026] Starting backup → /home/jb/DSAT_REDUX_MD/backups/dsat_dev_20260720_020001.dump
Error response from daemon: can only create exec sessions on running containers: container state improper
[Mon Jul 20 04:00:01 PDT 2026] Starting backup → /home/jb/DSAT_REDUX_MD/backups/dsat_dev_20260720_040001.dump
Error response from daemon: can only create exec sessions on running containers: container state improper
[Mon Jul 20 06:00:01 PDT 2026] Starting backup → /home/jb/DSAT_REDUX_MD/backups/dsat_dev_20260720_060001.dump
Error response from daemon: can only create exec sessions on running containers: container state improper
[Mon Jul 20 08:00:01 PDT 2026] Starting backup → /home/jb/DSAT_REDUX_MD/backups/dsat_dev_20260720_080001.dump
Error response from daemon: can only create exec sessions on running containers: container state improper
[Mon Jul 20 12:00:01 PDT 2026] Starting backup → /home/jb/DSAT_REDUX_MD/backups/dsat_dev_20260720_120001.dump
[Mon Jul 20 14:05:18 PDT 2026] Starting backup → /home/jb/DSAT_REDUX_MD/backups/dsat_dev_20260720_140518.dump
[Mon Jul 20 16:00:01 PDT 2026] Starting backup → /home/jb/DSAT_REDUX_MD/backups/dsat_dev_20260720_160001.dump
[Mon Jul 20 16:00:02 PDT 2026] Backup complete: /home/jb/DSAT_REDUX_MD/backups/dsat_dev_20260720_160001.dump (4.1M)
[Mon Jul 20 18:00:01 PDT 2026] Starting backup → /home/jb/DSAT_REDUX_MD/backups/dsat_dev_20260720_180001.dump
[Mon Jul 20 18:00:02 PDT 2026] Backup complete: /home/jb/DSAT_REDUX_MD/backups/dsat_dev_20260720_180001.dump (4.1M)
[Mon Jul 20 20:00:01 PDT 2026] Starting backup → /home/jb/DSAT_REDUX_MD/backups/dsat_dev_20260720_200001.dump
[Mon Jul 20 20:00:02 PDT 2026] Backup complete: /home/jb/DSAT_REDUX_MD/backups/dsat_dev_20260720_200001.dump (4.1M)
[Mon Jul 20 22:00:01 PDT 2026] Starting backup → /home/jb/DSAT_REDUX_MD/backups/dsat_dev_20260720_220001.dump
[Mon Jul 20 22:00:02 PDT 2026] Backup complete: /home/jb/DSAT_REDUX_MD/backups/dsat_dev_20260720_220001.dump (4.1M)
[Tue Jul 21 00:00:01 PDT 2026] Starting backup → /home/jb/DSAT_REDUX_MD/backups/dsat_dev_20260721_000001.dump
[Tue Jul 21 00:00:01 PDT 2026] Backup complete: /home/jb/DSAT_REDUX_MD/backups/dsat_dev_20260721_000001.dump (4.1M)
[Tue Jul 21 00:00:01 PDT 2026] Pruning old backup: /home/jb/DSAT_REDUX_MD/backups/dsat_dev_20260720_115033.dump
[Tue Jul 21 02:00:01 PDT 2026] Starting backup → /home/jb/DSAT_REDUX_MD/backups/dsat_dev_20260721_020001.dump
[Tue Jul 21 02:00:01 PDT 2026] Backup complete: /home/jb/DSAT_REDUX_MD/backups/dsat_dev_20260721_020001.dump (4.1M)
[Tue Jul 21 02:00:01 PDT 2026] Pruning old backup: /home/jb/DSAT_REDUX_MD/backups/dsat_dev_20260720_120001.dump
[Tue Jul 21 04:00:01 PDT 2026] Starting backup → /home/jb/DSAT_REDUX_MD/backups/dsat_dev_20260721_040001.dump
[Tue Jul 21 04:00:02 PDT 2026] Backup complete: /home/jb/DSAT_REDUX_MD/backups/dsat_dev_20260721_040001.dump (4.1M)
[Tue Jul 21 04:00:02 PDT 2026] Pruning old backup: /home/jb/DSAT_REDUX_MD/backups/dsat_dev_20260720_160001.dump
[Tue Jul 21 06:00:01 PDT 2026] Starting backup → /home/jb/DSAT_REDUX_MD/backups/dsat_dev_20260721_060001.dump
[Tue Jul 21 06:00:02 PDT 2026] Backup complete: /home/jb/DSAT_REDUX_MD/backups/dsat_dev_20260721_060001.dump (4.1M)
[Tue Jul 21 06:00:02 PDT 2026] Pruning old backup: /home/jb/DSAT_REDUX_MD/backups/dsat_dev_20260720_180001.dump
[Tue Jul 21 08:00:01 PDT 2026] Starting backup → /home/jb/DSAT_REDUX_MD/backups/dsat_dev_20260721_080001.dump
[Tue Jul 21 08:00:02 PDT 2026] Backup complete: /home/jb/DSAT_REDUX_MD/backups/dsat_dev_20260721_080001.dump (4.1M)
[Tue Jul 21 08:00:02 PDT 2026] Pruning old backup: /home/jb/DSAT_REDUX_MD/backups/dsat_dev_20260720_200001.dump
[Tue Jul 21 10:00:01 PDT 2026] Starting backup → /home/jb/DSAT_REDUX_MD/backups/dsat_dev_20260721_100001.dump
[Tue Jul 21 10:00:01 PDT 2026] Backup complete: /home/jb/DSAT_REDUX_MD/backups/dsat_dev_20260721_100001.dump (4.1M)
[Tue Jul 21 10:00:01 PDT 2026] Pruning old backup: /home/jb/DSAT_REDUX_MD/backups/dsat_dev_20260720_220001.dump
[Tue Jul 21 12:00:01 PDT 2026] Starting backup → /home/jb/DSAT_REDUX_MD/backups/dsat_dev_20260721_120001.dump
[Tue Jul 21 12:00:01 PDT 2026] Backup complete: /home/jb/DSAT_REDUX_MD/backups/dsat_dev_20260721_120001.dump (4.1M)
[Tue Jul 21 12:00:01 PDT 2026] Pruning old backup: /home/jb/DSAT_REDUX_MD/backups/dsat_dev_20260721_000001.dump
[Tue Jul 21 14:00:02 PDT 2026] Starting backup → /home/jb/DSAT_REDUX_MD/backups/dsat_dev_20260721_140002.dump
[Tue Jul 21 14:00:02 PDT 2026] Backup complete: /home/jb/DSAT_REDUX_MD/backups/dsat_dev_20260721_140002.dump (4.1M)
[Tue Jul 21 14:00:02 PDT 2026] Pruning old backup: /home/jb/DSAT_REDUX_MD/backups/dsat_dev_20260721_020001.dump
[Tue Jul 21 16:00:01 PDT 2026] Starting backup → /home/jb/DSAT_REDUX_MD/backups/dsat_dev_20260721_160001.dump
Error response from daemon: can only create exec sessions on running containers: container state improper
[Tue Jul 21 18:00:01 PDT 2026] Starting backup → /home/jb/DSAT_REDUX_MD/backups/dsat_dev_20260721_180001.dump
Error response from daemon: can only create exec sessions on running containers: container state improper
[Tue Jul 21 20:00:01 PDT 2026] Starting backup → /home/jb/DSAT_REDUX_MD/backups/dsat_dev_20260721_200001.dump
Error response from daemon: can only create exec sessions on running containers: container state improper
[Tue Jul 21 22:00:02 PDT 2026] Starting backup → /home/jb/DSAT_REDUX_MD/backups/dsat_dev_20260721_220002.dump
Error response from daemon: can only create exec sessions on running containers: container state improper
[Wed Jul 22 00:00:01 PDT 2026] Starting backup → /home/jb/DSAT_REDUX_MD/backups/dsat_dev_20260722_000001.dump
Error response from daemon: can only create exec sessions on running containers: container state improper
[Wed Jul 22 02:00:01 PDT 2026] Starting backup → /home/jb/DSAT_REDUX_MD/backups/dsat_dev_20260722_020001.dump
Error response from daemon: can only create exec sessions on running containers: container state improper
[Wed Jul 22 04:00:01 PDT 2026] Starting backup → /home/jb/DSAT_REDUX_MD/backups/dsat_dev_20260722_040001.dump
Error response from daemon: can only create exec sessions on running containers: container state improper
[Wed Jul 22 06:00:01 PDT 2026] Starting backup → /home/jb/DSAT_REDUX_MD/backups/dsat_dev_20260722_060001.dump
Error response from daemon: can only create exec sessions on running containers: container state improper
[Wed Jul 22 08:00:01 PDT 2026] Starting backup → /home/jb/DSAT_REDUX_MD/backups/dsat_dev_20260722_080001.dump
Error response from daemon: can only create exec sessions on running containers: container state improper
[Wed Jul 22 10:00:01 PDT 2026] Starting backup → /home/jb/DSAT_REDUX_MD/backups/dsat_dev_20260722_100001.dump
Error response from daemon: can only create exec sessions on running containers: container state improper
[Wed Jul 22 12:00:01 PDT 2026] Starting backup → /home/jb/DSAT_REDUX_MD/backups/dsat_dev_20260722_120001.dump
Error response from daemon: can only create exec sessions on running containers: container state improper
[Wed Jul 22 14:00:01 PDT 2026] Starting backup → /home/jb/DSAT_REDUX_MD/backups/dsat_dev_20260722_140001.dump
Error response from daemon: can only create exec sessions on running containers: container state improper
[Wed Jul 22 16:00:01 PDT 2026] Starting backup → /home/jb/DSAT_REDUX_MD/backups/dsat_dev_20260722_160001.dump
Error response from daemon: can only create exec sessions on running containers: container state improper
[Wed Jul 22 18:00:01 PDT 2026] Starting backup → /home/jb/DSAT_REDUX_MD/backups/dsat_dev_20260722_180001.dump
Error response from daemon: can only create exec sessions on running containers: container state improper
[Wed Jul 22 20:00:01 PDT 2026] Starting backup → /home/jb/DSAT_REDUX_MD/backups/dsat_dev_20260722_200001.dump
Error response from daemon: can only create exec sessions on running containers: container state improper
[Wed Jul 22 22:00:01 PDT 2026] Starting backup → /home/jb/DSAT_REDUX_MD/backups/dsat_dev_20260722_220001.dump
Error response from daemon: can only create exec sessions on running containers: container state improper
[Thu Jul 23 00:00:01 PDT 2026] Starting backup → /home/jb/DSAT_REDUX_MD/backups/dsat_dev_20260723_000001.dump
Error response from daemon: can only create exec sessions on running containers: container state improper
[Thu Jul 23 02:00:02 PDT 2026] Starting backup → /home/jb/DSAT_REDUX_MD/backups/dsat_dev_20260723_020002.dump
Error response from daemon: can only create exec sessions on running containers: container state improper
[Thu Jul 23 04:00:01 PDT 2026] Starting backup → /home/jb/DSAT_REDUX_MD/backups/dsat_dev_20260723_040001.dump
Error response from daemon: can only create exec sessions on running containers: container state improper
[Thu Jul 23 06:00:01 PDT 2026] Starting backup → /home/jb/DSAT_REDUX_MD/backups/dsat_dev_20260723_060001.dump
Error response from daemon: can only create exec sessions on running containers: container state improper
[Thu Jul 23 08:00:01 PDT 2026] Starting backup → /home/jb/DSAT_REDUX_MD/backups/dsat_dev_20260723_080001.dump
Error response from daemon: can only create exec sessions on running containers: container state improper
[Thu Jul 23 10:00:01 PDT 2026] Starting backup → /home/jb/DSAT_REDUX_MD/backups/dsat_dev_20260723_100001.dump
Error response from daemon: can only create exec sessions on running containers: container state improper
[Thu Jul 23 12:00:01 PDT 2026] Starting backup → /home/jb/DSAT_REDUX_MD/backups/dsat_dev_20260723_120001.dump
Error response from daemon: can only create exec sessions on running containers: container state improper
[Thu Jul 23 14:00:01 PDT 2026] Starting backup → /home/jb/DSAT_REDUX_MD/backups/dsat_dev_20260723_140001.dump
Error response from daemon: can only create exec sessions on running containers: container state improper
[Thu Jul 23 16:00:01 PDT 2026] Starting backup → /home/jb/DSAT_REDUX_MD/backups/dsat_dev_20260723_160001.dump
Error response from daemon: can only create exec sessions on running containers: container state improper
[Thu Jul 23 18:00:01 PDT 2026] Starting backup → /home/jb/DSAT_REDUX_MD/backups/dsat_dev_20260723_180001.dump
Error response from daemon: can only create exec sessions on running containers: container state improper
[Thu Jul 23 20:00:01 PDT 2026] Starting backup → /home/jb/DSAT_REDUX_MD/backups/dsat_dev_20260723_200001.dump
Error response from daemon: can only create exec sessions on running containers: container state improper
[Thu Jul 23 22:00:01 PDT 2026] Starting backup → /home/jb/DSAT_REDUX_MD/backups/dsat_dev_20260723_220001.dump
Error response from daemon: can only create exec sessions on running containers: container state improper
[Fri Jul 24 00:00:01 PDT 2026] Starting backup → /home/jb/DSAT_REDUX_MD/backups/dsat_dev_20260724_000001.dump
Error response from daemon: can only create exec sessions on running containers: container state improper
[Fri Jul 24 02:00:01 PDT 2026] Starting backup → /home/jb/DSAT_REDUX_MD/backups/dsat_dev_20260724_020001.dump
Error response from daemon: can only create exec sessions on running containers: container state improper
[Fri Jul 24 04:00:01 PDT 2026] Starting backup → /home/jb/DSAT_REDUX_MD/backups/dsat_dev_20260724_040001.dump
Error response from daemon: can only create exec sessions on running containers: container state improper
[Fri Jul 24 06:00:01 PDT 2026] Starting backup → /home/jb/DSAT_REDUX_MD/backups/dsat_dev_20260724_060001.dump
Error response from daemon: can only create exec sessions on running containers: container state improper
[Fri Jul 24 08:00:01 PDT 2026] Starting backup → /home/jb/DSAT_REDUX_MD/backups/dsat_dev_20260724_080001.dump
Error response from daemon: can only create exec sessions on running containers: container state improper
[Fri Jul 24 10:00:01 PDT 2026] Starting backup → /home/jb/DSAT_REDUX_MD/backups/dsat_dev_20260724_100001.dump
Error response from daemon: can only create exec sessions on running containers: container state improper
[Fri Jul 24 12:00:01 PDT 2026] Starting backup → /home/jb/DSAT_REDUX_MD/backups/dsat_dev_20260724_120001.dump
Error response from daemon: can only create exec sessions on running containers: container state improper
[Fri Jul 24 14:00:01 PDT 2026] Starting backup → /home/jb/DSAT_REDUX_MD/backups/dsat_dev_20260724_140001.dump
Error response from daemon: can only create exec sessions on running containers: container state improper
[Fri Jul 24 16:00:01 PDT 2026] Starting backup → /home/jb/DSAT_REDUX_MD/backups/dsat_dev_20260724_160001.dump
Error response from daemon: can only create exec sessions on running containers: container state improper
[Fri Jul 24 18:00:01 PDT 2026] Starting backup → /home/jb/DSAT_REDUX_MD/backups/dsat_dev_20260724_180001.dump
Error response from daemon: can only create exec sessions on running containers: container state improper
[Fri Jul 24 20:00:01 PDT 2026] Starting backup → /home/jb/DSAT_REDUX_MD/backups/dsat_dev_20260724_200001.dump
Error response from daemon: can only create exec sessions on running containers: container state improper
[Fri Jul 24 22:00:01 PDT 2026] Starting backup → /home/jb/DSAT_REDUX_MD/backups/dsat_dev_20260724_220001.dump
Error response from daemon: can only create exec sessions on running containers: container state improper
[Sat Jul 25 00:00:01 PDT 2026] Starting backup → /home/jb/DSAT_REDUX_MD/backups/dsat_dev_20260725_000001.dump
Error response from daemon: can only create exec sessions on running containers: container state improper
[Sat Jul 25 02:00:01 PDT 2026] Starting backup → /home/jb/DSAT_REDUX_MD/backups/dsat_dev_20260725_020001.dump
Error response from daemon: can only create exec sessions on running containers: container state improper
[Sat Jul 25 04:00:02 PDT 2026] Starting backup → /home/jb/DSAT_REDUX_MD/backups/dsat_dev_20260725_040002.dump
Error response from daemon: can only create exec sessions on running containers: container state improper
[Sat Jul 25 06:00:01 PDT 2026] Starting backup → /home/jb/DSAT_REDUX_MD/backups/dsat_dev_20260725_060001.dump
Error response from daemon: can only create exec sessions on running containers: container state improper
[Sat Jul 25 08:00:01 PDT 2026] Starting backup → /home/jb/DSAT_REDUX_MD/backups/dsat_dev_20260725_080001.dump
Error response from daemon: can only create exec sessions on running containers: container state improper
[Sat Jul 25 10:00:01 PDT 2026] Starting backup → /home/jb/DSAT_REDUX_MD/backups/dsat_dev_20260725_100001.dump
Error response from daemon: can only create exec sessions on running containers: container state improper
[Sat Jul 25 12:00:01 PDT 2026] Starting backup → /home/jb/DSAT_REDUX_MD/backups/dsat_dev_20260725_120001.dump
Error response from daemon: can only create exec sessions on running containers: container state improper
[Sat Jul 25 14:00:01 PDT 2026] Starting backup → /home/jb/DSAT_REDUX_MD/backups/dsat_dev_20260725_140001.dump
Error response from daemon: can only create exec sessions on running containers: container state improper
[Sat Jul 25 16:00:01 PDT 2026] Starting backup → /home/jb/DSAT_REDUX_MD/backups/dsat_dev_20260725_160001.dump
Error response from daemon: can only create exec sessions on running containers: container state improper
[Sat Jul 25 18:00:01 PDT 2026] Starting backup → /home/jb/DSAT_REDUX_MD/backups/dsat_dev_20260725_180001.dump
Error response from daemon: can only create exec sessions on running containers: container state improper
[Sat Jul 25 20:00:01 PDT 2026] Starting backup → /home/jb/DSAT_REDUX_MD/backups/dsat_dev_20260725_200001.dump
Error response from daemon: can only create exec sessions on running containers: container state improper
[Sat Jul 25 22:00:01 PDT 2026] Starting backup → /home/jb/DSAT_REDUX_MD/backups/dsat_dev_20260725_220001.dump
Error response from daemon: can only create exec sessions on running containers: container state improper
[Sun Jul 26 08:00:01 PDT 2026] Starting backup → /home/jb/DSAT_REDUX_MD/backups/dsat_dev_20260726_080001.dump
Error response from daemon: can only create exec sessions on running containers: container state improper
[Sun Jul 26 10:00:01 PDT 2026] Starting backup → /home/jb/DSAT_REDUX_MD/backups/dsat_dev_20260726_100001.dump
Error response from daemon: can only create exec sessions on running containers: container state improper
[Sun Jul 26 12:00:01 PDT 2026] Starting backup → /home/jb/DSAT_REDUX_MD/backups/dsat_dev_20260726_120001.dump
Error response from daemon: can only create exec sessions on running containers: container state improper
[Sun Jul 26 14:00:01 PDT 2026] Starting backup → /home/jb/DSAT_REDUX_MD/backups/dsat_dev_20260726_140001.dump
Error response from daemon: can only create exec sessions on running containers: container state improper
[Sun Jul 26 16:00:01 PDT 2026] Starting backup → /home/jb/DSAT_REDUX_MD/backups/dsat_dev_20260726_160001.dump
Error response from daemon: can only create exec sessions on running containers: container state improper
[Sun Jul 26 18:00:01 PDT 2026] Starting backup → /home/jb/DSAT_REDUX_MD/backups/dsat_dev_20260726_180001.dump
Error response from daemon: can only create exec sessions on running containers: container state improper
[Sun Jul 26 20:00:01 PDT 2026] Starting backup → /home/jb/DSAT_REDUX_MD/backups/dsat_dev_20260726_200001.dump
Error response from daemon: can only create exec sessions on running containers: container state improper
[Sun Jul 26 22:00:01 PDT 2026] Starting backup → /home/jb/DSAT_REDUX_MD/backups/dsat_dev_20260726_220001.dump
[Sun Jul 26 22:00:02 PDT 2026] Backup complete: /home/jb/DSAT_REDUX_MD/backups/dsat_dev_20260726_220001.dump (4.1M)
[Sun Jul 26 22:00:02 PDT 2026] Pruning old backup: /home/jb/DSAT_REDUX_MD/backups/dsat_dev_20260726_100001.dump
[Sun Jul 26 22:00:02 PDT 2026] Pruning old backup: /home/jb/DSAT_REDUX_MD/backups/dsat_dev_20260726_080001.dump
[Sun Jul 26 22:00:02 PDT 2026] Pruning old backup: /home/jb/DSAT_REDUX_MD/backups/dsat_dev_20260725_220001.dump
[Sun Jul 26 22:00:02 PDT 2026] Pruning old backup: /home/jb/DSAT_REDUX_MD/backups/dsat_dev_20260725_200001.dump
[Sun Jul 26 22:00:02 PDT 2026] Pruning old backup: /home/jb/DSAT_REDUX_MD/backups/dsat_dev_20260725_180001.dump
[Sun Jul 26 22:00:02 PDT 2026] Pruning old backup: /home/jb/DSAT_REDUX_MD/backups/dsat_dev_20260725_160001.dump
[Sun Jul 26 22:00:02 PDT 2026] Pruning old backup: /home/jb/DSAT_REDUX_MD/backups/dsat_dev_20260725_140001.dump
[Sun Jul 26 22:00:02 PDT 2026] Pruning old backup: /home/jb/DSAT_REDUX_MD/backups/dsat_dev_20260725_120001.dump
[Sun Jul 26 22:00:02 PDT 2026] Pruning old backup: /home/jb/DSAT_REDUX_MD/backups/dsat_dev_20260725_100001.dump
[Sun Jul 26 22:00:02 PDT 2026] Pruning old backup: /home/jb/DSAT_REDUX_MD/backups/dsat_dev_20260725_080001.dump
[Sun Jul 26 22:00:02 PDT 2026] Pruning old backup: /home/jb/DSAT_REDUX_MD/backups/dsat_dev_20260725_060001.dump
[Sun Jul 26 22:00:02 PDT 2026] Pruning old backup: /home/jb/DSAT_REDUX_MD/backups/dsat_dev_20260725_040002.dump
[Sun Jul 26 22:00:02 PDT 2026] Pruning old backup: /home/jb/DSAT_REDUX_MD/backups/dsat_dev_20260725_020001.dump
[Sun Jul 26 22:00:02 PDT 2026] Pruning old backup: /home/jb/DSAT_REDUX_MD/backups/dsat_dev_20260725_000001.dump
[Sun Jul 26 22:00:02 PDT 2026] Pruning old backup: /home/jb/DSAT_REDUX_MD/backups/dsat_dev_20260724_220001.dump
[Sun Jul 26 22:00:02 PDT 2026] Pruning old backup: /home/jb/DSAT_REDUX_MD/backups/dsat_dev_20260724_200001.dump
[Sun Jul 26 22:00:02 PDT 2026] Pruning old backup: /home/jb/DSAT_REDUX_MD/backups/dsat_dev_20260724_180001.dump
[Sun Jul 26 22:00:02 PDT 2026] Pruning old backup: /home/jb/DSAT_REDUX_MD/backups/dsat_dev_20260724_160001.dump
[Sun Jul 26 22:00:02 PDT 2026] Pruning old backup: /home/jb/DSAT_REDUX_MD/backups/dsat_dev_20260724_140001.dump
[Sun Jul 26 22:00:02 PDT 2026] Pruning old backup: /home/jb/DSAT_REDUX_MD/backups/dsat_dev_20260724_120001.dump
[Sun Jul 26 22:00:02 PDT 2026] Pruning old backup: /home/jb/DSAT_REDUX_MD/backups/dsat_dev_20260724_100001.dump
[Sun Jul 26 22:00:02 PDT 2026] Pruning old backup: /home/jb/DSAT_REDUX_MD/backups/dsat_dev_20260724_080001.dump
[Sun Jul 26 22:00:02 PDT 2026] Pruning old backup: /home/jb/DSAT_REDUX_MD/backups/dsat_dev_20260724_060001.dump
[Sun Jul 26 22:00:02 PDT 2026] Pruning old backup: /home/jb/DSAT_REDUX_MD/backups/dsat_dev_20260724_040001.dump
[Sun Jul 26 22:00:02 PDT 2026] Pruning old backup: /home/jb/DSAT_REDUX_MD/backups/dsat_dev_20260724_020001.dump
[Sun Jul 26 22:00:02 PDT 2026] Pruning old backup: /home/jb/DSAT_REDUX_MD/backups/dsat_dev_20260724_000001.dump
[Sun Jul 26 22:00:02 PDT 2026] Pruning old backup: /home/jb/DSAT_REDUX_MD/backups/dsat_dev_20260723_220001.dump
[Sun Jul 26 22:00:02 PDT 2026] Pruning old backup: /home/jb/DSAT_REDUX_MD/backups/dsat_dev_20260723_200001.dump
[Sun Jul 26 22:00:02 PDT 2026] Pruning old backup: /home/jb/DSAT_REDUX_MD/backups/dsat_dev_20260723_180001.dump
[Sun Jul 26 22:00:02 PDT 2026] Pruning old backup: /home/jb/DSAT_REDUX_MD/backups/dsat_dev_20260723_160001.dump
[Sun Jul 26 22:00:02 PDT 2026] Pruning old backup: /home/jb/DSAT_REDUX_MD/backups/dsat_dev_20260723_140001.dump
[Sun Jul 26 22:00:02 PDT 2026] Pruning old backup: /home/jb/DSAT_REDUX_MD/backups/dsat_dev_20260723_120001.dump
[Sun Jul 26 22:00:02 PDT 2026] Pruning old backup: /home/jb/DSAT_REDUX_MD/backups/dsat_dev_20260723_100001.dump
[Sun Jul 26 22:00:02 PDT 2026] Pruning old backup: /home/jb/DSAT_REDUX_MD/backups/dsat_dev_20260723_080001.dump
[Sun Jul 26 22:00:02 PDT 2026] Pruning old backup: /home/jb/DSAT_REDUX_MD/backups/dsat_dev_20260723_060001.dump
[Sun Jul 26 22:00:02 PDT 2026] Pruning old backup: /home/jb/DSAT_REDUX_MD/backups/dsat_dev_20260723_040001.dump
[Sun Jul 26 22:00:02 PDT 2026] Pruning old backup: /home/jb/DSAT_REDUX_MD/backups/dsat_dev_20260723_020002.dump
[Sun Jul 26 22:00:02 PDT 2026] Pruning old backup: /home/jb/DSAT_REDUX_MD/backups/dsat_dev_20260723_000001.dump
[Sun Jul 26 22:00:02 PDT 2026] Pruning old backup: /home/jb/DSAT_REDUX_MD/backups/dsat_dev_20260722_220001.dump
[Sun Jul 26 22:00:02 PDT 2026] Pruning old backup: /home/jb/DSAT_REDUX_MD/backups/dsat_dev_20260722_200001.dump
[Sun Jul 26 22:00:02 PDT 2026] Pruning old backup: /home/jb/DSAT_REDUX_MD/backups/dsat_dev_20260722_180001.dump
[Sun Jul 26 22:00:02 PDT 2026] Pruning old backup: /home/jb/DSAT_REDUX_MD/backups/dsat_dev_20260722_160001.dump
[Sun Jul 26 22:00:02 PDT 2026] Pruning old backup: /home/jb/DSAT_REDUX_MD/backups/dsat_dev_20260722_140001.dump
[Sun Jul 26 22:00:02 PDT 2026] Pruning old backup: /home/jb/DSAT_REDUX_MD/backups/dsat_dev_20260722_120001.dump
[Sun Jul 26 22:00:02 PDT 2026] Pruning old backup: /home/jb/DSAT_REDUX_MD/backups/dsat_dev_20260722_100001.dump
[Sun Jul 26 22:00:02 PDT 2026] Pruning old backup: /home/jb/DSAT_REDUX_MD/backups/dsat_dev_20260722_080001.dump
[Sun Jul 26 22:00:02 PDT 2026] Pruning old backup: /home/jb/DSAT_REDUX_MD/backups/dsat_dev_20260722_060001.dump
[Sun Jul 26 22:00:02 PDT 2026] Pruning old backup: /home/jb/DSAT_REDUX_MD/backups/dsat_dev_20260722_040001.dump
[Sun Jul 26 22:00:02 PDT 2026] Pruning old backup: /home/jb/DSAT_REDUX_MD/backups/dsat_dev_20260722_020001.dump
[Sun Jul 26 22:00:02 PDT 2026] Pruning old backup: /home/jb/DSAT_REDUX_MD/backups/dsat_dev_20260722_000001.dump
[Sun Jul 26 22:00:02 PDT 2026] Pruning old backup: /home/jb/DSAT_REDUX_MD/backups/dsat_dev_20260721_220002.dump
[Sun Jul 26 22:00:02 PDT 2026] Pruning old backup: /home/jb/DSAT_REDUX_MD/backups/dsat_dev_20260721_200001.dump
[Sun Jul 26 22:00:02 PDT 2026] Pruning old backup: /home/jb/DSAT_REDUX_MD/backups/dsat_dev_20260721_180001.dump
[Sun Jul 26 22:00:02 PDT 2026] Pruning old backup: /home/jb/DSAT_REDUX_MD/backups/dsat_dev_20260721_160001.dump
[Sun Jul 26 22:00:02 PDT 2026] Pruning old backup: /home/jb/DSAT_REDUX_MD/backups/dsat_dev_20260721_140002.dump
[Sun Jul 26 22:00:02 PDT 2026] Pruning old backup: /home/jb/DSAT_REDUX_MD/backups/dsat_dev_20260721_120001.dump
[Sun Jul 26 22:00:02 PDT 2026] Pruning old backup: /home/jb/DSAT_REDUX_MD/backups/dsat_dev_20260721_100001.dump
[Sun Jul 26 22:00:02 PDT 2026] Pruning old backup: /home/jb/DSAT_REDUX_MD/backups/dsat_dev_20260721_080001.dump
[Sun Jul 26 22:00:02 PDT 2026] Pruning old backup: /home/jb/DSAT_REDUX_MD/backups/dsat_dev_20260721_060001.dump
[Sun Jul 26 22:00:02 PDT 2026] Pruning old backup: /home/jb/DSAT_REDUX_MD/backups/dsat_dev_20260721_040001.dump
[Mon Jul 27 00:00:01 PDT 2026] Starting backup → /home/jb/DSAT_REDUX_MD/backups/dsat_dev_20260727_000001.dump
[Mon Jul 27 00:00:01 PDT 2026] Backup complete: /home/jb/DSAT_REDUX_MD/backups/dsat_dev_20260727_000001.dump (4.1M)
[Mon Jul 27 00:00:01 PDT 2026] Pruning old backup: /home/jb/DSAT_REDUX_MD/backups/dsat_dev_20260726_120001.dump
[Mon Jul 27 02:00:02 PDT 2026] Starting backup → /home/jb/DSAT_REDUX_MD/backups/dsat_dev_20260727_020002.dump
[Mon Jul 27 02:00:02 PDT 2026] Backup complete: /home/jb/DSAT_REDUX_MD/backups/dsat_dev_20260727_020002.dump (4.1M)
[Mon Jul 27 02:00:02 PDT 2026] Pruning old backup: /home/jb/DSAT_REDUX_MD/backups/dsat_dev_20260726_140001.dump
[Mon Jul 27 04:00:01 PDT 2026] Starting backup → /home/jb/DSAT_REDUX_MD/backups/dsat_dev_20260727_040001.dump
[Mon Jul 27 04:00:02 PDT 2026] Backup complete: /home/jb/DSAT_REDUX_MD/backups/dsat_dev_20260727_040001.dump (4.1M)
[Mon Jul 27 04:00:02 PDT 2026] Pruning old backup: /home/jb/DSAT_REDUX_MD/backups/dsat_dev_20260726_160001.dump
[Mon Jul 27 06:00:01 PDT 2026] Starting backup → /home/jb/DSAT_REDUX_MD/backups/dsat_dev_20260727_060001.dump
[Mon Jul 27 06:00:02 PDT 2026] Backup complete: /home/jb/DSAT_REDUX_MD/backups/dsat_dev_20260727_060001.dump (4.1M)
[Mon Jul 27 06:00:02 PDT 2026] Pruning old backup: /home/jb/DSAT_REDUX_MD/backups/dsat_dev_20260726_180001.dump
[Mon Jul 27 08:00:01 PDT 2026] Starting backup → /home/jb/DSAT_REDUX_MD/backups/dsat_dev_20260727_080001.dump
[Mon Jul 27 08:00:02 PDT 2026] Backup complete: /home/jb/DSAT_REDUX_MD/backups/dsat_dev_20260727_080001.dump (4.1M)
[Mon Jul 27 08:00:02 PDT 2026] Pruning old backup: /home/jb/DSAT_REDUX_MD/backups/dsat_dev_20260726_200001.dump
[Mon Jul 27 10:00:01 PDT 2026] Starting backup → /home/jb/DSAT_REDUX_MD/backups/dsat_dev_20260727_100001.dump
Error response from daemon: can only create exec sessions on running containers: container state improper
[Mon Jul 27 12:00:01 PDT 2026] Starting backup → /home/jb/DSAT_REDUX_MD/backups/dsat_dev_20260727_120001.dump
[Mon Jul 27 12:00:01 PDT 2026] Backup complete: /home/jb/DSAT_REDUX_MD/backups/dsat_dev_20260727_120001.dump (4.1M)
[Mon Jul 27 12:00:01 PDT 2026] Pruning old backup: /home/jb/DSAT_REDUX_MD/backups/dsat_dev_20260727_000001.dump
[Mon Jul 27 12:00:01 PDT 2026] Pruning old backup: /home/jb/DSAT_REDUX_MD/backups/dsat_dev_20260726_220001.dump
[Mon Jul 27 14:00:01 PDT 2026] Starting backup → /home/jb/DSAT_REDUX_MD/backups/dsat_dev_20260727_140001.dump
[Mon Jul 27 14:00:02 PDT 2026] Backup complete: /home/jb/DSAT_REDUX_MD/backups/dsat_dev_20260727_140001.dump (4.1M)
[Mon Jul 27 14:00:02 PDT 2026] Pruning old backup: /home/jb/DSAT_REDUX_MD/backups/dsat_dev_20260727_020002.dump
[Thu Jul 30 00:00:01 PDT 2026] Starting backup → /home/jb/DSAT_REDUX_MD/backups/dsat_dev_20260730_000001.dump
[Thu Jul 30 00:00:01 PDT 2026] Backup complete: /home/jb/DSAT_REDUX_MD/backups/dsat_dev_20260730_000001.dump (5.0M)
[Thu Jul 30 00:00:02 PDT 2026] Pruning old backup: /home/jb/DSAT_REDUX_MD/backups/dsat_dev_20260729_171846_pre_vocab_canonicalization.dump
[Thu Jul 30 10:00:01 PDT 2026] Starting backup → /home/jb/DSAT_REDUX_MD/backups/dsat_dev_20260730_100001.dump
[Thu Jul 30 10:00:02 PDT 2026] Backup complete: /home/jb/DSAT_REDUX_MD/backups/dsat_dev_20260730_100001.dump (5.0M)
[Thu Jul 30 10:00:02 PDT 2026] Pruning old backup: /home/jb/DSAT_REDUX_MD/backups/dsat_dev_20260729_173825_pre_stem_type_canonicalization.dump
[Thu Jul 30 12:00:01 PDT 2026] Starting backup → /home/jb/DSAT_REDUX_MD/backups/dsat_dev_20260730_120001.dump
[Thu Jul 30 12:00:02 PDT 2026] Backup complete: /home/jb/DSAT_REDUX_MD/backups/dsat_dev_20260730_120001.dump (5.0M)
[Thu Jul 30 12:00:02 PDT 2026] Pruning old backup: /home/jb/DSAT_REDUX_MD/backups/dsat_dev_20260729_180001.dump
[Thu Jul 30 14:00:01 PDT 2026] Starting backup → /home/jb/DSAT_REDUX_MD/backups/dsat_dev_20260730_140001.dump
[Thu Jul 30 14:00:02 PDT 2026] Backup complete: /home/jb/DSAT_REDUX_MD/backups/dsat_dev_20260730_140001.dump (5.0M)
[Thu Jul 30 14:00:02 PDT 2026] Pruning old backup: /home/jb/DSAT_REDUX_MD/backups/dsat_dev_20260729_200001.dump
[Thu Jul 30 16:00:01 PDT 2026] Starting backup → /home/jb/DSAT_REDUX_MD/backups/dsat_dev_20260730_160001.dump
[Thu Jul 30 16:00:02 PDT 2026] Backup complete: /home/jb/DSAT_REDUX_MD/backups/dsat_dev_20260730_160001.dump (5.0M)
[Thu Jul 30 16:00:02 PDT 2026] Pruning old backup: /home/jb/DSAT_REDUX_MD/backups/dsat_dev_20260729_220001.dump
[Thu Jul 30 18:00:01 PDT 2026] Starting backup → /home/jb/DSAT_REDUX_MD/backups/dsat_dev_20260730_180001.dump
[Thu Jul 30 18:00:02 PDT 2026] Backup complete: /home/jb/DSAT_REDUX_MD/backups/dsat_dev_20260730_180001.dump (5.2M)
[Thu Jul 30 18:00:02 PDT 2026] Pruning old backup: /home/jb/DSAT_REDUX_MD/backups/dsat_dev_20260729_pre_stem_canonicalization.dump
[Thu Jul 30 20:00:01 PDT 2026] Starting backup → /home/jb/DSAT_REDUX_MD/backups/dsat_dev_20260730_200001.dump
[Thu Jul 30 20:00:02 PDT 2026] Backup complete: /home/jb/DSAT_REDUX_MD/backups/dsat_dev_20260730_200001.dump (5.5M)
[Thu Jul 30 20:00:02 PDT 2026] Pruning old backup: /home/jb/DSAT_REDUX_MD/backups/dsat_dev_20260730_000001.dump
[Thu Jul 30 22:00:01 PDT 2026] Starting backup → /home/jb/DSAT_REDUX_MD/backups/dsat_dev_20260730_220001.dump
[Thu Jul 30 22:00:02 PDT 2026] Backup complete: /home/jb/DSAT_REDUX_MD/backups/dsat_dev_20260730_220001.dump (5.5M)
[Thu Jul 30 22:00:02 PDT 2026] Pruning old backup: /home/jb/DSAT_REDUX_MD/backups/dsat_dev_20260730_100001.dump
[Fri Jul 31 00:00:01 PDT 2026] Starting backup → /home/jb/DSAT_REDUX_MD/backups/dsat_dev_20260731_000001.dump
[Fri Jul 31 00:00:02 PDT 2026] Backup complete: /home/jb/DSAT_REDUX_MD/backups/dsat_dev_20260731_000001.dump (5.5M)
[Fri Jul 31 00:00:02 PDT 2026] Pruning old backup: /home/jb/DSAT_REDUX_MD/backups/dsat_dev_20260730_120001.dump
[Fri Jul 31 02:00:01 PDT 2026] Starting backup → /home/jb/DSAT_REDUX_MD/backups/dsat_dev_20260731_020001.dump
[Fri Jul 31 02:00:02 PDT 2026] Backup complete: /home/jb/DSAT_REDUX_MD/backups/dsat_dev_20260731_020001.dump (5.5M)
[Fri Jul 31 02:00:02 PDT 2026] Pruning old backup: /home/jb/DSAT_REDUX_MD/backups/dsat_dev_20260730_160001.dump
[Fri Jul 31 04:00:01 PDT 2026] Starting backup → /home/jb/DSAT_REDUX_MD/backups/dsat_dev_20260731_040001.dump
[Fri Jul 31 04:00:02 PDT 2026] Backup complete: /home/jb/DSAT_REDUX_MD/backups/dsat_dev_20260731_040001.dump (5.5M)
[Fri Jul 31 04:00:02 PDT 2026] Pruning old backup: /home/jb/DSAT_REDUX_MD/backups/dsat_dev_20260730_180001.dump
[Fri Jul 31 06:00:01 PDT 2026] Starting backup → /home/jb/DSAT_REDUX_MD/backups/dsat_dev_20260731_060001.dump
[Fri Jul 31 06:00:02 PDT 2026] Backup complete: /home/jb/DSAT_REDUX_MD/backups/dsat_dev_20260731_060001.dump (5.5M)
[Fri Jul 31 06:00:02 PDT 2026] Pruning old backup: /home/jb/DSAT_REDUX_MD/backups/dsat_dev_20260730_200001.dump
[Fri Jul 31 08:00:01 PDT 2026] Starting backup → /home/jb/DSAT_REDUX_MD/backups/dsat_dev_20260731_080001.dump
[Fri Jul 31 08:00:02 PDT 2026] Backup complete: /home/jb/DSAT_REDUX_MD/backups/dsat_dev_20260731_080001.dump (5.5M)
[Fri Jul 31 08:00:02 PDT 2026] Pruning old backup: /home/jb/DSAT_REDUX_MD/backups/dsat_dev_20260730_220001.dump
[Fri Jul 31 10:00:01 PDT 2026] Starting backup → /home/jb/DSAT_REDUX_MD/backups/dsat_dev_20260731_100001.dump
[Fri Jul 31 10:00:02 PDT 2026] Backup complete: /home/jb/DSAT_REDUX_MD/backups/dsat_dev_20260731_100001.dump (5.5M)
[Fri Jul 31 10:00:02 PDT 2026] Pruning old backup: /home/jb/DSAT_REDUX_MD/backups/dsat_dev_20260731_000001.dump
[Fri Jul 31 12:00:01 PDT 2026] Starting backup → /home/jb/DSAT_REDUX_MD/backups/dsat_dev_20260731_120001.dump
[Fri Jul 31 12:00:02 PDT 2026] Backup complete: /home/jb/DSAT_REDUX_MD/backups/dsat_dev_20260731_120001.dump (5.5M)
[Fri Jul 31 12:00:02 PDT 2026] Pruning old backup: /home/jb/DSAT_REDUX_MD/backups/dsat_dev_20260731_000828.dump
[Fri Jul 31 14:00:01 PDT 2026] Starting backup → /home/jb/DSAT_REDUX_MD/backups/dsat_dev_20260731_140001.dump
[Fri Jul 31 14:00:02 PDT 2026] Backup complete: /home/jb/DSAT_REDUX_MD/backups/dsat_dev_20260731_140001.dump (5.5M)
[Fri Jul 31 14:00:02 PDT 2026] Pruning old backup: /home/jb/DSAT_REDUX_MD/backups/dsat_dev_20260731_020001.dump
[Fri Jul 31 16:00:01 PDT 2026] Starting backup → /home/jb/DSAT_REDUX_MD/backups/dsat_dev_20260731_160001.dump
[Fri Jul 31 16:00:02 PDT 2026] Backup complete: /home/jb/DSAT_REDUX_MD/backups/dsat_dev_20260731_160001.dump (5.5M)
[Fri Jul 31 16:00:02 PDT 2026] Pruning old backup: /home/jb/DSAT_REDUX_MD/backups/dsat_dev_20260731_040001.dump
[Fri Jul 31 18:00:01 PDT 2026] Starting backup → /home/jb/DSAT_REDUX_MD/backups/dsat_dev_20260731_180001.dump
[Fri Jul 31 18:00:02 PDT 2026] Backup complete: /home/jb/DSAT_REDUX_MD/backups/dsat_dev_20260731_180001.dump (5.5M)
[Fri Jul 31 18:00:02 PDT 2026] Pruning old backup: /home/jb/DSAT_REDUX_MD/backups/dsat_dev_20260731_060001.dump
[Fri Jul 31 20:00:01 PDT 2026] Starting backup → /home/jb/DSAT_REDUX_MD/backups/dsat_dev_20260731_200001.dump
[Fri Jul 31 20:00:02 PDT 2026] Backup complete: /home/jb/DSAT_REDUX_MD/backups/dsat_dev_20260731_200001.dump (5.5M)
[Fri Jul 31 20:00:02 PDT 2026] Pruning old backup: /home/jb/DSAT_REDUX_MD/backups/dsat_dev_20260731_080001.dump
[Fri Jul 31 22:00:01 PDT 2026] Starting backup → /home/jb/DSAT_REDUX_MD/backups/dsat_dev_20260731_220001.dump
[Fri Jul 31 22:00:02 PDT 2026] Backup complete: /home/jb/DSAT_REDUX_MD/backups/dsat_dev_20260731_220001.dump (5.5M)
[Fri Jul 31 22:00:02 PDT 2026] Pruning old backup: /home/jb/DSAT_REDUX_MD/backups/dsat_dev_20260731_100001.dump
[Sat Aug  1 08:00:01 PDT 2026] Starting backup → /home/jb/DSAT_REDUX_MD/backups/dsat_dev_20260801_080001.dump
Error response from daemon: can only create exec sessions on running containers: container state improper
[Sat Aug  1 10:00:01 PDT 2026] Starting backup → /home/jb/DSAT_REDUX_MD/backups/dsat_dev_20260801_100001.dump
[Sat Aug  1 10:00:02 PDT 2026] Backup complete: /home/jb/DSAT_REDUX_MD/backups/dsat_dev_20260801_100001.dump (5.5M)
[Sat Aug  1 10:00:02 PDT 2026] Pruning old backup: /home/jb/DSAT_REDUX_MD/backups/dsat_dev_20260731_140001.dump
[Sat Aug  1 10:00:02 PDT 2026] Pruning old backup: /home/jb/DSAT_REDUX_MD/backups/dsat_dev_20260731_120001.dump
[Sat Aug  1 12:00:02 PDT 2026] Starting backup → /home/jb/DSAT_REDUX_MD/backups/dsat_dev_20260801_120001.dump
[Sat Aug  1 12:00:02 PDT 2026] Backup complete: /home/jb/DSAT_REDUX_MD/backups/dsat_dev_20260801_120001.dump (5.5M)
[Sat Aug  1 12:00:02 PDT 2026] Pruning old backup: /home/jb/DSAT_REDUX_MD/backups/dsat_dev_20260731_160001.dump
[Sat Aug  1 14:00:02 PDT 2026] Starting backup → /home/jb/DSAT_REDUX_MD/backups/dsat_dev_20260801_140002.dump
[Sat Aug  1 14:00:02 PDT 2026] Backup complete: /home/jb/DSAT_REDUX_MD/backups/dsat_dev_20260801_140002.dump (5.5M)
[Sat Aug  1 14:00:02 PDT 2026] Pruning old backup: /home/jb/DSAT_REDUX_MD/backups/dsat_dev_20260731_180001.dump
[Sat Aug  1 16:00:01 PDT 2026] Starting backup → /home/jb/DSAT_REDUX_MD/backups/dsat_dev_20260801_160001.dump
[Sat Aug  1 16:00:01 PDT 2026] Backup complete: /home/jb/DSAT_REDUX_MD/backups/dsat_dev_20260801_160001.dump (5.5M)
[Sat Aug  1 16:00:01 PDT 2026] Pruning old backup: /home/jb/DSAT_REDUX_MD/backups/dsat_dev_20260731_200001.dump
[Sat Aug  1 18:00:01 PDT 2026] Starting backup → /home/jb/DSAT_REDUX_MD/backups/dsat_dev_20260801_180001.dump
[Sat Aug  1 18:00:01 PDT 2026] Backup complete: /home/jb/DSAT_REDUX_MD/backups/dsat_dev_20260801_180001.dump (5.5M)
[Sat Aug  1 18:00:01 PDT 2026] Pruning old backup: /home/jb/DSAT_REDUX_MD/backups/dsat_dev_20260731_220001.dump
[Sat Aug  1 20:00:01 PDT 2026] Starting backup → /home/jb/DSAT_REDUX_MD/backups/dsat_dev_20260801_200001.dump
[Sat Aug  1 20:00:02 PDT 2026] Backup complete: /home/jb/DSAT_REDUX_MD/backups/dsat_dev_20260801_200001.dump (5.5M)
[Sat Aug  1 20:00:02 PDT 2026] Pruning old backup: /home/jb/DSAT_REDUX_MD/backups/dsat_dev_20260801_080001.dump
[Sat Aug  1 22:00:01 PDT 2026] Starting backup → /home/jb/DSAT_REDUX_MD/backups/dsat_dev_20260801_220001.dump
[Sat Aug  1 22:00:02 PDT 2026] Backup complete: /home/jb/DSAT_REDUX_MD/backups/dsat_dev_20260801_220001.dump (5.5M)
[Sat Aug  1 22:00:02 PDT 2026] Pruning old backup: /home/jb/DSAT_REDUX_MD/backups/dsat_dev_20260801_100001.dump
[Sun Aug  2 00:00:01 PDT 2026] Starting backup → /home/jb/DSAT_REDUX_MD/backups/dsat_dev_20260802_000001.dump
[Sun Aug  2 00:00:02 PDT 2026] Backup complete: /home/jb/DSAT_REDUX_MD/backups/dsat_dev_20260802_000001.dump (5.5M)
[Sun Aug  2 00:00:02 PDT 2026] Pruning old backup: /home/jb/DSAT_REDUX_MD/backups/dsat_dev_20260801_120001.dump
[Sun Aug  2 02:00:01 PDT 2026] Starting backup → /home/jb/DSAT_REDUX_MD/backups/dsat_dev_20260802_020001.dump
[Sun Aug  2 02:00:02 PDT 2026] Backup complete: /home/jb/DSAT_REDUX_MD/backups/dsat_dev_20260802_020001.dump (5.5M)
[Sun Aug  2 02:00:02 PDT 2026] Pruning old backup: /home/jb/DSAT_REDUX_MD/backups/dsat_dev_20260801_140002.dump
[Sun Aug  2 04:00:01 PDT 2026] Starting backup → /home/jb/DSAT_REDUX_MD/backups/dsat_dev_20260802_040001.dump
[Sun Aug  2 04:00:02 PDT 2026] Backup complete: /home/jb/DSAT_REDUX_MD/backups/dsat_dev_20260802_040001.dump (5.5M)
[Sun Aug  2 04:00:02 PDT 2026] Pruning old backup: /home/jb/DSAT_REDUX_MD/backups/dsat_dev_20260801_160001.dump
[Sun Aug  2 06:00:01 PDT 2026] Starting backup → /home/jb/DSAT_REDUX_MD/backups/dsat_dev_20260802_060001.dump
[Sun Aug  2 06:00:02 PDT 2026] Backup complete: /home/jb/DSAT_REDUX_MD/backups/dsat_dev_20260802_060001.dump (5.5M)
[Sun Aug  2 06:00:02 PDT 2026] Pruning old backup: /home/jb/DSAT_REDUX_MD/backups/dsat_dev_20260801_180001.dump
[Sun Aug  2 08:00:01 PDT 2026] Starting backup → /home/jb/DSAT_REDUX_MD/backups/dsat_dev_20260802_080001.dump
[Sun Aug  2 08:00:02 PDT 2026] Backup complete: /home/jb/DSAT_REDUX_MD/backups/dsat_dev_20260802_080001.dump (5.5M)
[Sun Aug  2 08:00:02 PDT 2026] Pruning old backup: /home/jb/DSAT_REDUX_MD/backups/dsat_dev_20260801_200001.dump
[Sun Aug  2 10:00:01 PDT 2026] Starting backup → /home/jb/DSAT_REDUX_MD/backups/dsat_dev_20260802_100001.dump
Error response from daemon: can only create exec sessions on running containers: container state improper
[Sun Aug  2 12:00:01 PDT 2026] Starting backup → /home/jb/DSAT_REDUX_MD/backups/dsat_dev_20260802_120001.dump
Error response from daemon: can only create exec sessions on running containers: container state improper
[Sun Aug  2 14:00:01 PDT 2026] Starting backup → /home/jb/DSAT_REDUX_MD/backups/dsat_dev_20260802_140001.dump
Error response from daemon: can only create exec sessions on running containers: container state improper
[Sun Aug  2 16:00:01 PDT 2026] Starting backup → /home/jb/DSAT_REDUX_MD/backups/dsat_dev_20260802_160001.dump
Error response from daemon: can only create exec sessions on running containers: container state improper
[Sun Aug  2 18:00:01 PDT 2026] Starting backup → /home/jb/DSAT_REDUX_MD/backups/dsat_dev_20260802_180001.dump
Error response from daemon: can only create exec sessions on running containers: container state improper
[Sun Aug  2 20:00:01 PDT 2026] Starting backup → /home/jb/DSAT_REDUX_MD/backups/dsat_dev_20260802_200001.dump
Error response from daemon: can only create exec sessions on running containers: container state improper
[Sun Aug  2 22:00:01 PDT 2026] Starting backup → /home/jb/DSAT_REDUX_MD/backups/dsat_dev_20260802_220001.dump
Error response from daemon: can only create exec sessions on running containers: container state improper
[Mon Aug  3 00:00:01 PDT 2026] Starting backup → /home/jb/DSAT_REDUX_MD/backups/dsat_dev_20260803_000001.dump
Error response from daemon: can only create exec sessions on running containers: container state improper
[Mon Aug  3 02:00:01 PDT 2026] Starting backup → /home/jb/DSAT_REDUX_MD/backups/dsat_dev_20260803_020001.dump
Error response from daemon: can only create exec sessions on running containers: container state improper
[Mon Aug  3 04:00:01 PDT 2026] Starting backup → /home/jb/DSAT_REDUX_MD/backups/dsat_dev_20260803_040001.dump
Error response from daemon: can only create exec sessions on running containers: container state improper
[Mon Aug  3 06:00:01 PDT 2026] Starting backup → /home/jb/DSAT_REDUX_MD/backups/dsat_dev_20260803_060001.dump
Error response from daemon: can only create exec sessions on running containers: container state improper
[Mon Aug  3 08:00:01 PDT 2026] Starting backup → /home/jb/DSAT_REDUX_MD/backups/dsat_dev_20260803_080001.dump
Error response from daemon: can only create exec sessions on running containers: container state improper
[Mon Aug  3 10:00:01 PDT 2026] Starting backup → /home/jb/DSAT_REDUX_MD/backups/dsat_dev_20260803_100001.dump
Error response from daemon: can only create exec sessions on running containers: container state improper
[Mon Aug  3 12:00:01 PDT 2026] Starting backup → /home/jb/DSAT_REDUX_MD/backups/dsat_dev_20260803_120001.dump
Error response from daemon: can only create exec sessions on running containers: container state improper
[Mon Aug  3 14:00:01 PDT 2026] Starting backup → /home/jb/DSAT_REDUX_MD/backups/dsat_dev_20260803_140001.dump
Error response from daemon: can only create exec sessions on running containers: container state improper
[Mon Aug  3 16:00:01 PDT 2026] Starting backup → /home/jb/DSAT_REDUX_MD/backups/dsat_dev_20260803_160001.dump
Error response from daemon: can only create exec sessions on running containers: container state improper
[Mon Aug  3 18:00:01 PDT 2026] Starting backup → /home/jb/DSAT_REDUX_MD/backups/dsat_dev_20260803_180001.dump
Error response from daemon: can only create exec sessions on running containers: container state improper
[Mon Aug  3 20:00:01 PDT 2026] Starting backup → /home/jb/DSAT_REDUX_MD/backups/dsat_dev_20260803_200001.dump
Error response from daemon: can only create exec sessions on running containers: container state improper
[Mon Aug  3 22:00:01 PDT 2026] Starting backup → /home/jb/DSAT_REDUX_MD/backups/dsat_dev_20260803_220001.dump
Error response from daemon: can only create exec sessions on running containers: container state improper
[Tue Aug  4 00:00:01 PDT 2026] Starting backup → /home/jb/DSAT_REDUX_MD/backups/dsat_dev_20260804_000001.dump
Error response from daemon: can only create exec sessions on running containers: container state improper
[Tue Aug  4 02:00:01 PDT 2026] Starting backup → /home/jb/DSAT_REDUX_MD/backups/dsat_dev_20260804_020001.dump
Error response from daemon: can only create exec sessions on running containers: container state improper
[Tue Aug  4 04:00:02 PDT 2026] Starting backup → /home/jb/DSAT_REDUX_MD/backups/dsat_dev_20260804_040002.dump
Error response from daemon: can only create exec sessions on running containers: container state improper
[Tue Aug  4 06:00:01 PDT 2026] Starting backup → /home/jb/DSAT_REDUX_MD/backups/dsat_dev_20260804_060001.dump
Error response from daemon: can only create exec sessions on running containers: container state improper
[Tue Aug  4 08:00:01 PDT 2026] Starting backup → /home/jb/DSAT_REDUX_MD/backups/dsat_dev_20260804_080001.dump
Error response from daemon: can only create exec sessions on running containers: container state improper
[Tue Aug  4 10:00:01 PDT 2026] Starting backup → /home/jb/DSAT_REDUX_MD/backups/dsat_dev_20260804_100001.dump
Error response from daemon: can only create exec sessions on running containers: container state improper
[Tue Aug  4 12:00:01 PDT 2026] Starting backup → /home/jb/DSAT_REDUX_MD/backups/dsat_dev_20260804_120001.dump
[Tue Aug  4 12:00:01 PDT 2026] Backup complete: /home/jb/DSAT_REDUX_MD/backups/dsat_dev_20260804_120001.dump (5.5M)
[Tue Aug  4 12:00:01 PDT 2026] Pruning old backup: /home/jb/DSAT_REDUX_MD/backups/dsat_dev_20260804_000001.dump
[Tue Aug  4 12:00:01 PDT 2026] Pruning old backup: /home/jb/DSAT_REDUX_MD/backups/dsat_dev_20260803_220001.dump
[Tue Aug  4 12:00:01 PDT 2026] Pruning old backup: /home/jb/DSAT_REDUX_MD/backups/dsat_dev_20260803_200001.dump
[Tue Aug  4 12:00:01 PDT 2026] Pruning old backup: /home/jb/DSAT_REDUX_MD/backups/dsat_dev_20260803_180001.dump
[Tue Aug  4 12:00:01 PDT 2026] Pruning old backup: /home/jb/DSAT_REDUX_MD/backups/dsat_dev_20260803_160001.dump
[Tue Aug  4 12:00:01 PDT 2026] Pruning old backup: /home/jb/DSAT_REDUX_MD/backups/dsat_dev_20260803_140001.dump
[Tue Aug  4 12:00:01 PDT 2026] Pruning old backup: /home/jb/DSAT_REDUX_MD/backups/dsat_dev_20260803_120001.dump
[Tue Aug  4 12:00:01 PDT 2026] Pruning old backup: /home/jb/DSAT_REDUX_MD/backups/dsat_dev_20260803_100001.dump
[Tue Aug  4 12:00:01 PDT 2026] Pruning old backup: /home/jb/DSAT_REDUX_MD/backups/dsat_dev_20260803_080001.dump
[Tue Aug  4 12:00:01 PDT 2026] Pruning old backup: /home/jb/DSAT_REDUX_MD/backups/dsat_dev_20260803_060001.dump
[Tue Aug  4 12:00:01 PDT 2026] Pruning old backup: /home/jb/DSAT_REDUX_MD/backups/dsat_dev_20260803_040001.dump
[Tue Aug  4 12:00:01 PDT 2026] Pruning old backup: /home/jb/DSAT_REDUX_MD/backups/dsat_dev_20260803_020001.dump
[Tue Aug  4 12:00:01 PDT 2026] Pruning old backup: /home/jb/DSAT_REDUX_MD/backups/dsat_dev_20260803_000001.dump
[Tue Aug  4 12:00:01 PDT 2026] Pruning old backup: /home/jb/DSAT_REDUX_MD/backups/dsat_dev_20260802_220001.dump
[Tue Aug  4 12:00:01 PDT 2026] Pruning old backup: /home/jb/DSAT_REDUX_MD/backups/dsat_dev_20260802_200001.dump
[Tue Aug  4 12:00:01 PDT 2026] Pruning old backup: /home/jb/DSAT_REDUX_MD/backups/dsat_dev_20260802_180001.dump
[Tue Aug  4 12:00:01 PDT 2026] Pruning old backup: /home/jb/DSAT_REDUX_MD/backups/dsat_dev_20260802_160001.dump
[Tue Aug  4 12:00:01 PDT 2026] Pruning old backup: /home/jb/DSAT_REDUX_MD/backups/dsat_dev_20260802_140001.dump
[Tue Aug  4 12:00:01 PDT 2026] Pruning old backup: /home/jb/DSAT_REDUX_MD/backups/dsat_dev_20260802_120001.dump
[Tue Aug  4 12:00:01 PDT 2026] Pruning old backup: /home/jb/DSAT_REDUX_MD/backups/dsat_dev_20260802_100001.dump
[Tue Aug  4 12:00:01 PDT 2026] Pruning old backup: /home/jb/DSAT_REDUX_MD/backups/dsat_dev_20260802_080001.dump
[Tue Aug  4 12:00:01 PDT 2026] Pruning old backup: /home/jb/DSAT_REDUX_MD/backups/dsat_dev_20260802_060001.dump
[Tue Aug  4 12:00:01 PDT 2026] Pruning old backup: /home/jb/DSAT_REDUX_MD/backups/dsat_dev_20260802_040001.dump
[Tue Aug  4 12:00:01 PDT 2026] Pruning old backup: /home/jb/DSAT_REDUX_MD/backups/dsat_dev_20260802_020001.dump
[Tue Aug  4 12:00:01 PDT 2026] Pruning old backup: /home/jb/DSAT_REDUX_MD/backups/dsat_dev_20260802_000001.dump
[Tue Aug  4 12:00:01 PDT 2026] Pruning old backup: /home/jb/DSAT_REDUX_MD/backups/dsat_dev_20260801_220001.dump
[Tue Aug  4 14:00:01 PDT 2026] Starting backup → /home/jb/DSAT_REDUX_MD/backups/dsat_dev_20260804_140001.dump
[Tue Aug  4 14:00:01 PDT 2026] Backup complete: /home/jb/DSAT_REDUX_MD/backups/dsat_dev_20260804_140001.dump (5.5M)
[Tue Aug  4 14:00:01 PDT 2026] Pruning old backup: /home/jb/DSAT_REDUX_MD/backups/dsat_dev_20260804_020001.dump
[Tue Aug  4 16:00:01 PDT 2026] Starting backup → /home/jb/DSAT_REDUX_MD/backups/dsat_dev_20260804_160001.dump
[Tue Aug  4 16:00:01 PDT 2026] Backup complete: /home/jb/DSAT_REDUX_MD/backups/dsat_dev_20260804_160001.dump (5.5M)
[Tue Aug  4 16:00:01 PDT 2026] Pruning old backup: /home/jb/DSAT_REDUX_MD/backups/dsat_dev_20260804_040002.dump
[Tue Aug  4 18:00:01 PDT 2026] Starting backup → /home/jb/DSAT_REDUX_MD/backups/dsat_dev_20260804_180001.dump
[Tue Aug  4 18:00:01 PDT 2026] Backup complete: /home/jb/DSAT_REDUX_MD/backups/dsat_dev_20260804_180001.dump (5.5M)
[Tue Aug  4 18:00:01 PDT 2026] Pruning old backup: /home/jb/DSAT_REDUX_MD/backups/dsat_dev_20260804_060001.dump
[Tue Aug  4 20:00:01 PDT 2026] Starting backup → /home/jb/DSAT_REDUX_MD/backups/dsat_dev_20260804_200001.dump
[Tue Aug  4 20:00:01 PDT 2026] Backup complete: /home/jb/DSAT_REDUX_MD/backups/dsat_dev_20260804_200001.dump (5.5M)
[Tue Aug  4 20:00:01 PDT 2026] Pruning old backup: /home/jb/DSAT_REDUX_MD/backups/dsat_dev_20260804_080001.dump
[Tue Aug  4 22:00:01 PDT 2026] Starting backup → /home/jb/DSAT_REDUX_MD/backups/dsat_dev_20260804_220001.dump
[Tue Aug  4 22:00:01 PDT 2026] Backup complete: /home/jb/DSAT_REDUX_MD/backups/dsat_dev_20260804_220001.dump (5.5M)
[Tue Aug  4 22:00:01 PDT 2026] Pruning old backup: /home/jb/DSAT_REDUX_MD/backups/dsat_dev_20260804_100001.dump
[Wed Aug  5 00:00:01 PDT 2026] Starting backup → /home/jb/DSAT_REDUX_MD/backups/dsat_dev_20260805_000001.dump
[Wed Aug  5 00:00:01 PDT 2026] Backup complete: /home/jb/DSAT_REDUX_MD/backups/dsat_dev_20260805_000001.dump (5.5M)
[Wed Aug  5 00:00:01 PDT 2026] Pruning old backup: /home/jb/DSAT_REDUX_MD/backups/dsat_dev_20260804_120001.dump
[Wed Aug  5 02:00:01 PDT 2026] Starting backup → /home/jb/DSAT_REDUX_MD/backups/dsat_dev_20260805_020001.dump
[Wed Aug  5 02:00:01 PDT 2026] Backup complete: /home/jb/DSAT_REDUX_MD/backups/dsat_dev_20260805_020001.dump (5.5M)
[Wed Aug  5 02:00:01 PDT 2026] Pruning old backup: /home/jb/DSAT_REDUX_MD/backups/dsat_dev_20260804_140001.dump
[Wed Aug  5 04:00:01 PDT 2026] Starting backup → /home/jb/DSAT_REDUX_MD/backups/dsat_dev_20260805_040001.dump
[Wed Aug  5 04:00:02 PDT 2026] Backup complete: /home/jb/DSAT_REDUX_MD/backups/dsat_dev_20260805_040001.dump (5.5M)
[Wed Aug  5 04:00:02 PDT 2026] Pruning old backup: /home/jb/DSAT_REDUX_MD/backups/dsat_dev_20260804_160001.dump
[Wed Aug  5 06:00:01 PDT 2026] Starting backup → /home/jb/DSAT_REDUX_MD/backups/dsat_dev_20260805_060001.dump
[Wed Aug  5 06:00:02 PDT 2026] Backup complete: /home/jb/DSAT_REDUX_MD/backups/dsat_dev_20260805_060001.dump (5.5M)
[Wed Aug  5 06:00:02 PDT 2026] Pruning old backup: /home/jb/DSAT_REDUX_MD/backups/dsat_dev_20260804_180001.dump
[Wed Aug  5 08:00:01 PDT 2026] Starting backup → /home/jb/DSAT_REDUX_MD/backups/dsat_dev_20260805_080001.dump
[Wed Aug  5 08:00:02 PDT 2026] Backup complete: /home/jb/DSAT_REDUX_MD/backups/dsat_dev_20260805_080001.dump (5.5M)
[Wed Aug  5 08:00:02 PDT 2026] Pruning old backup: /home/jb/DSAT_REDUX_MD/backups/dsat_dev_20260804_200001.dump
[Wed Aug  5 10:00:01 PDT 2026] Starting backup → /home/jb/DSAT_REDUX_MD/backups/dsat_dev_20260805_100001.dump
[Wed Aug  5 10:00:02 PDT 2026] Backup complete: /home/jb/DSAT_REDUX_MD/backups/dsat_dev_20260805_100001.dump (5.5M)
[Wed Aug  5 10:00:02 PDT 2026] Pruning old backup: /home/jb/DSAT_REDUX_MD/backups/dsat_dev_20260804_220001.dump
[Wed Aug  5 12:00:01 PDT 2026] Starting backup → /home/jb/DSAT_REDUX_MD/backups/dsat_dev_20260805_120001.dump
[Wed Aug  5 12:00:02 PDT 2026] Backup complete: /home/jb/DSAT_REDUX_MD/backups/dsat_dev_20260805_120001.dump (5.5M)
[Wed Aug  5 12:00:02 PDT 2026] Pruning old backup: /home/jb/DSAT_REDUX_MD/backups/dsat_dev_20260805_000001.dump
[Wed Aug  5 14:00:01 PDT 2026] Starting backup → /home/jb/DSAT_REDUX_MD/backups/dsat_dev_20260805_140001.dump
[Wed Aug  5 14:00:02 PDT 2026] Backup complete: /home/jb/DSAT_REDUX_MD/backups/dsat_dev_20260805_140001.dump (5.5M)
[Wed Aug  5 14:00:02 PDT 2026] Pruning old backup: /home/jb/DSAT_REDUX_MD/backups/dsat_dev_20260805_020001.dump
[Wed Aug  5 16:00:01 PDT 2026] Starting backup → /home/jb/DSAT_REDUX_MD/backups/dsat_dev_20260805_160001.dump
[Wed Aug  5 16:00:02 PDT 2026] Backup complete: /home/jb/DSAT_REDUX_MD/backups/dsat_dev_20260805_160001.dump (5.5M)
[Wed Aug  5 16:00:02 PDT 2026] Pruning old backup: /home/jb/DSAT_REDUX_MD/backups/dsat_dev_20260805_040001.dump
[Wed Aug  5 18:00:01 PDT 2026] Starting backup → /home/jb/DSAT_REDUX_MD/backups/dsat_dev_20260805_180001.dump
Error response from daemon: can only create exec sessions on running containers: container state improper
[Wed Aug  5 20:00:01 PDT 2026] Starting backup → /home/jb/DSAT_REDUX_MD/backups/dsat_dev_20260805_200001.dump
Error response from daemon: can only create exec sessions on running containers: container state improper
[Wed Aug  5 22:00:01 PDT 2026] Starting backup → /home/jb/DSAT_REDUX_MD/backups/dsat_dev_20260805_220001.dump
Error response from daemon: can only create exec sessions on running containers: container state improper
[Thu Aug  6 00:00:01 PDT 2026] Starting backup → /home/jb/DSAT_REDUX_MD/backups/dsat_dev_20260806_000001.dump
Error response from daemon: can only create exec sessions on running containers: container state improper
[Thu Aug  6 02:00:01 PDT 2026] Starting backup → /home/jb/DSAT_REDUX_MD/backups/dsat_dev_20260806_020001.dump
Error response from daemon: can only create exec sessions on running containers: container state improper
[Thu Aug  6 04:00:02 PDT 2026] Starting backup → /home/jb/DSAT_REDUX_MD/backups/dsat_dev_20260806_040002.dump
Error response from daemon: can only create exec sessions on running containers: container state improper
[Thu Aug  6 06:00:01 PDT 2026] Starting backup → /home/jb/DSAT_REDUX_MD/backups/dsat_dev_20260806_060001.dump
Error response from daemon: can only create exec sessions on running containers: container state improper
[Thu Aug  6 08:00:01 PDT 2026] Starting backup → /home/jb/DSAT_REDUX_MD/backups/dsat_dev_20260806_080001.dump
Error response from daemon: can only create exec sessions on running containers: container state improper
[Thu Aug  6 10:00:01 PDT 2026] Starting backup → /home/jb/DSAT_REDUX_MD/backups/dsat_dev_20260806_100001.dump
Error response from daemon: can only create exec sessions on running containers: container state improper
[Thu Aug  6 12:00:01 PDT 2026] Starting backup → /home/jb/DSAT_REDUX_MD/backups/dsat_dev_20260806_120001.dump
Error response from daemon: can only create exec sessions on running containers: container state improper
[Thu Aug  6 14:00:01 PDT 2026] Starting backup → /home/jb/DSAT_REDUX_MD/backups/dsat_dev_20260806_140001.dump
Error response from daemon: can only create exec sessions on running containers: container state improper
[Thu Aug  6 16:00:01 PDT 2026] Starting backup → /home/jb/DSAT_REDUX_MD/backups/dsat_dev_20260806_160001.dump
Error response from daemon: can only create exec sessions on running containers: container state improper
[Thu Aug  6 18:00:01 PDT 2026] Starting backup → /home/jb/DSAT_REDUX_MD/backups/dsat_dev_20260806_180001.dump
Error response from daemon: can only create exec sessions on running containers: container state improper
[Thu Aug  6 20:00:01 PDT 2026] Starting backup → /home/jb/DSAT_REDUX_MD/backups/dsat_dev_20260806_200001.dump
Error response from daemon: can only create exec sessions on running containers: container state improper
[Thu Aug  6 22:00:01 PDT 2026] Starting backup → /home/jb/DSAT_REDUX_MD/backups/dsat_dev_20260806_220001.dump
Error response from daemon: can only create exec sessions on running containers: container state improper
[Fri Aug  7 00:00:01 PDT 2026] Starting backup → /home/jb/DSAT_REDUX_MD/backups/dsat_dev_20260807_000001.dump
Error response from daemon: can only create exec sessions on running containers: container state improper
[Fri Aug  7 02:00:01 PDT 2026] Starting backup → /home/jb/DSAT_REDUX_MD/backups/dsat_dev_20260807_020001.dump
Error response from daemon: can only create exec sessions on running containers: container state improper
[Fri Aug  7 04:00:01 PDT 2026] Starting backup → /home/jb/DSAT_REDUX_MD/backups/dsat_dev_20260807_040001.dump
Error response from daemon: can only create exec sessions on running containers: container state improper
[Fri Aug  7 06:00:01 PDT 2026] Starting backup → /home/jb/DSAT_REDUX_MD/backups/dsat_dev_20260807_060001.dump
Error response from daemon: can only create exec sessions on running containers: container state improper
[Fri Aug  7 08:00:01 PDT 2026] Starting backup → /home/jb/DSAT_REDUX_MD/backups/dsat_dev_20260807_080001.dump
Error response from daemon: can only create exec sessions on running containers: container state improper
[Fri Aug  7 10:00:01 PDT 2026] Starting backup → /home/jb/DSAT_REDUX_MD/backups/dsat_dev_20260807_100001.dump
Error response from daemon: can only create exec sessions on running containers: container state improper
[Fri Aug  7 12:00:01 PDT 2026] Starting backup → /home/jb/DSAT_REDUX_MD/backups/dsat_dev_20260807_120001.dump
Error response from daemon: can only create exec sessions on running containers: container state improper
[Fri Aug  7 14:00:01 PDT 2026] Starting backup → /home/jb/DSAT_REDUX_MD/backups/dsat_dev_20260807_140001.dump
Error response from daemon: can only create exec sessions on running containers: container state improper
[Fri Aug  7 16:00:01 PDT 2026] Starting backup → /home/jb/DSAT_REDUX_MD/backups/dsat_dev_20260807_160001.dump
Error response from daemon: can only create exec sessions on running containers: container state improper
[Fri Aug  7 18:00:01 PDT 2026] Starting backup → /home/jb/DSAT_REDUX_MD/backups/dsat_dev_20260807_180001.dump
Error response from daemon: can only create exec sessions on running containers: container state improper
[Fri Aug  7 20:00:01 PDT 2026] Starting backup → /home/jb/DSAT_REDUX_MD/backups/dsat_dev_20260807_200001.dump
Error response from daemon: can only create exec sessions on running containers: container state improper
[Fri Aug  7 22:00:01 PDT 2026] Starting backup → /home/jb/DSAT_REDUX_MD/backups/dsat_dev_20260807_220001.dump
Error response from daemon: can only create exec sessions on running containers: container state improper
[Sat Aug  8 00:00:01 PDT 2026] Starting backup → /home/jb/DSAT_REDUX_MD/backups/dsat_dev_20260808_000001.dump
Error response from daemon: can only create exec sessions on running containers: container state improper
[Sat Aug  8 02:00:01 PDT 2026] Starting backup → /home/jb/DSAT_REDUX_MD/backups/dsat_dev_20260808_020001.dump
Error response from daemon: can only create exec sessions on running containers: container state improper
[Sat Aug  8 04:00:01 PDT 2026] Starting backup → /home/jb/DSAT_REDUX_MD/backups/dsat_dev_20260808_040001.dump
Error response from daemon: can only create exec sessions on running containers: container state improper
[Sat Aug  8 06:00:01 PDT 2026] Starting backup → /home/jb/DSAT_REDUX_MD/backups/dsat_dev_20260808_060001.dump
Error response from daemon: can only create exec sessions on running containers: container state improper
[Sat Aug  8 08:00:01 PDT 2026] Starting backup → /home/jb/DSAT_REDUX_MD/backups/dsat_dev_20260808_080001.dump
[Sat Aug  8 08:00:02 PDT 2026] Backup complete: /home/jb/DSAT_REDUX_MD/backups/dsat_dev_20260808_080001.dump (5.5M)
[Sat Aug  8 08:00:02 PDT 2026] Pruning old backup: /home/jb/DSAT_REDUX_MD/backups/dsat_dev_20260807_200001.dump
[Sat Aug  8 08:00:02 PDT 2026] Pruning old backup: /home/jb/DSAT_REDUX_MD/backups/dsat_dev_20260807_180001.dump
[Sat Aug  8 08:00:02 PDT 2026] Pruning old backup: /home/jb/DSAT_REDUX_MD/backups/dsat_dev_20260807_160001.dump
[Sat Aug  8 08:00:02 PDT 2026] Pruning old backup: /home/jb/DSAT_REDUX_MD/backups/dsat_dev_20260807_140001.dump
[Sat Aug  8 08:00:02 PDT 2026] Pruning old backup: /home/jb/DSAT_REDUX_MD/backups/dsat_dev_20260807_120001.dump
[Sat Aug  8 08:00:02 PDT 2026] Pruning old backup: /home/jb/DSAT_REDUX_MD/backups/dsat_dev_20260807_100001.dump
[Sat Aug  8 08:00:02 PDT 2026] Pruning old backup: /home/jb/DSAT_REDUX_MD/backups/dsat_dev_20260807_080001.dump
[Sat Aug  8 08:00:02 PDT 2026] Pruning old backup: /home/jb/DSAT_REDUX_MD/backups/dsat_dev_20260807_060001.dump
[Sat Aug  8 08:00:02 PDT 2026] Pruning old backup: /home/jb/DSAT_REDUX_MD/backups/dsat_dev_20260807_040001.dump
[Sat Aug  8 08:00:02 PDT 2026] Pruning old backup: /home/jb/DSAT_REDUX_MD/backups/dsat_dev_20260807_020001.dump
[Sat Aug  8 08:00:02 PDT 2026] Pruning old backup: /home/jb/DSAT_REDUX_MD/backups/dsat_dev_20260807_000001.dump
[Sat Aug  8 08:00:02 PDT 2026] Pruning old backup: /home/jb/DSAT_REDUX_MD/backups/dsat_dev_20260806_220001.dump
[Sat Aug  8 08:00:02 PDT 2026] Pruning old backup: /home/jb/DSAT_REDUX_MD/backups/dsat_dev_20260806_200001.dump
[Sat Aug  8 08:00:02 PDT 2026] Pruning old backup: /home/jb/DSAT_REDUX_MD/backups/dsat_dev_20260806_180001.dump
[Sat Aug  8 08:00:02 PDT 2026] Pruning old backup: /home/jb/DSAT_REDUX_MD/backups/dsat_dev_20260806_160001.dump
[Sat Aug  8 08:00:02 PDT 2026] Pruning old backup: /home/jb/DSAT_REDUX_MD/backups/dsat_dev_20260806_140001.dump
[Sat Aug  8 08:00:02 PDT 2026] Pruning old backup: /home/jb/DSAT_REDUX_MD/backups/dsat_dev_20260806_120001.dump
[Sat Aug  8 08:00:02 PDT 2026] Pruning old backup: /home/jb/DSAT_REDUX_MD/backups/dsat_dev_20260806_100001.dump
[Sat Aug  8 08:00:02 PDT 2026] Pruning old backup: /home/jb/DSAT_REDUX_MD/backups/dsat_dev_20260806_080001.dump
[Sat Aug  8 08:00:02 PDT 2026] Pruning old backup: /home/jb/DSAT_REDUX_MD/backups/dsat_dev_20260806_060001.dump
[Sat Aug  8 08:00:02 PDT 2026] Pruning old backup: /home/jb/DSAT_REDUX_MD/backups/dsat_dev_20260806_040002.dump
[Sat Aug  8 08:00:02 PDT 2026] Pruning old backup: /home/jb/DSAT_REDUX_MD/backups/dsat_dev_20260806_020001.dump
[Sat Aug  8 08:00:02 PDT 2026] Pruning old backup: /home/jb/DSAT_REDUX_MD/backups/dsat_dev_20260806_000001.dump
[Sat Aug  8 08:00:02 PDT 2026] Pruning old backup: /home/jb/DSAT_REDUX_MD/backups/dsat_dev_20260805_220001.dump
[Sat Aug  8 08:00:02 PDT 2026] Pruning old backup: /home/jb/DSAT_REDUX_MD/backups/dsat_dev_20260805_200001.dump
[Sat Aug  8 08:00:02 PDT 2026] Pruning old backup: /home/jb/DSAT_REDUX_MD/backups/dsat_dev_20260805_180001.dump
[Sat Aug  8 08:00:02 PDT 2026] Pruning old backup: /home/jb/DSAT_REDUX_MD/backups/dsat_dev_20260805_160001.dump
[Sat Aug  8 08:00:02 PDT 2026] Pruning old backup: /home/jb/DSAT_REDUX_MD/backups/dsat_dev_20260805_140001.dump
[Sat Aug  8 08:00:02 PDT 2026] Pruning old backup: /home/jb/DSAT_REDUX_MD/backups/dsat_dev_20260805_120001.dump
[Sat Aug  8 08:00:02 PDT 2026] Pruning old backup: /home/jb/DSAT_REDUX_MD/backups/dsat_dev_20260805_100001.dump
[Sat Aug  8 08:00:02 PDT 2026] Pruning old backup: /home/jb/DSAT_REDUX_MD/backups/dsat_dev_20260805_080001.dump
[Sat Aug  8 08:00:02 PDT 2026] Pruning old backup: /home/jb/DSAT_REDUX_MD/backups/dsat_dev_20260805_060001.dump
[Sat Aug  8 10:00:01 PDT 2026] Starting backup → /home/jb/DSAT_REDUX_MD/backups/dsat_dev_20260808_100001.dump
[Sat Aug  8 10:00:02 PDT 2026] Backup complete: /home/jb/DSAT_REDUX_MD/backups/dsat_dev_20260808_100001.dump (5.5M)
[Sat Aug  8 10:00:02 PDT 2026] Pruning old backup: /home/jb/DSAT_REDUX_MD/backups/dsat_dev_20260807_220001.dump
[Sat Aug  8 12:00:01 PDT 2026] Starting backup → /home/jb/DSAT_REDUX_MD/backups/dsat_dev_20260808_120001.dump
[Sat Aug  8 12:00:02 PDT 2026] Backup complete: /home/jb/DSAT_REDUX_MD/backups/dsat_dev_20260808_120001.dump (5.5M)
[Sat Aug  8 12:00:02 PDT 2026] Pruning old backup: /home/jb/DSAT_REDUX_MD/backups/dsat_dev_20260808_000001.dump
[Sat Aug  8 14:00:01 PDT 2026] Starting backup → /home/jb/DSAT_REDUX_MD/backups/dsat_dev_20260808_140001.dump
[Sat Aug  8 14:00:02 PDT 2026] Backup complete: /home/jb/DSAT_REDUX_MD/backups/dsat_dev_20260808_140001.dump (5.5M)
[Sat Aug  8 14:00:02 PDT 2026] Pruning old backup: /home/jb/DSAT_REDUX_MD/backups/dsat_dev_20260808_020001.dump
[Sat Aug  8 16:00:01 PDT 2026] Starting backup → /home/jb/DSAT_REDUX_MD/backups/dsat_dev_20260808_160001.dump
[Sat Aug  8 16:00:02 PDT 2026] Backup complete: /home/jb/DSAT_REDUX_MD/backups/dsat_dev_20260808_160001.dump (5.5M)
[Sat Aug  8 16:00:02 PDT 2026] Pruning old backup: /home/jb/DSAT_REDUX_MD/backups/dsat_dev_20260808_040001.dump
[Sat Aug  8 18:00:01 PDT 2026] Starting backup → /home/jb/DSAT_REDUX_MD/backups/dsat_dev_20260808_180001.dump
[Sat Aug  8 18:00:02 PDT 2026] Backup complete: /home/jb/DSAT_REDUX_MD/backups/dsat_dev_20260808_180001.dump (5.5M)
[Sat Aug  8 18:00:02 PDT 2026] Pruning old backup: /home/jb/DSAT_REDUX_MD/backups/dsat_dev_20260808_060001.dump
[Sat Aug  8 20:00:01 PDT 2026] Starting backup → /home/jb/DSAT_REDUX_MD/backups/dsat_dev_20260808_200001.dump
[Sat Aug  8 20:00:02 PDT 2026] Backup complete: /home/jb/DSAT_REDUX_MD/backups/dsat_dev_20260808_200001.dump (5.5M)
[Sat Aug  8 20:00:02 PDT 2026] Pruning old backup: /home/jb/DSAT_REDUX_MD/backups/dsat_dev_20260808_080001.dump
[Sat Aug  8 22:00:01 PDT 2026] Starting backup → /home/jb/DSAT_REDUX_MD/backups/dsat_dev_20260808_220001.dump
[Sat Aug  8 22:00:02 PDT 2026] Backup complete: /home/jb/DSAT_REDUX_MD/backups/dsat_dev_20260808_220001.dump (5.5M)
[Sat Aug  8 22:00:02 PDT 2026] Pruning old backup: /home/jb/DSAT_REDUX_MD/backups/dsat_dev_20260808_100001.dump
[Sun Aug  9 00:00:01 PDT 2026] Starting backup → /home/jb/DSAT_REDUX_MD/backups/dsat_dev_20260809_000001.dump
[Sun Aug  9 00:00:02 PDT 2026] Backup complete: /home/jb/DSAT_REDUX_MD/backups/dsat_dev_20260809_000001.dump (5.5M)
[Sun Aug  9 00:00:02 PDT 2026] Pruning old backup: /home/jb/DSAT_REDUX_MD/backups/dsat_dev_20260808_120001.dump
[Sun Aug  9 02:00:01 PDT 2026] Starting backup → /home/jb/DSAT_REDUX_MD/backups/dsat_dev_20260809_020001.dump
[Sun Aug  9 02:00:02 PDT 2026] Backup complete: /home/jb/DSAT_REDUX_MD/backups/dsat_dev_20260809_020001.dump (5.5M)
[Sun Aug  9 02:00:02 PDT 2026] Pruning old backup: /home/jb/DSAT_REDUX_MD/backups/dsat_dev_20260808_140001.dump
[Sun Aug  9 04:00:01 PDT 2026] Starting backup → /home/jb/DSAT_REDUX_MD/backups/dsat_dev_20260809_040001.dump
[Sun Aug  9 04:00:02 PDT 2026] Backup complete: /home/jb/DSAT_REDUX_MD/backups/dsat_dev_20260809_040001.dump (5.5M)
[Sun Aug  9 04:00:02 PDT 2026] Pruning old backup: /home/jb/DSAT_REDUX_MD/backups/dsat_dev_20260808_160001.dump
[Sun Aug  9 06:00:01 PDT 2026] Starting backup → /home/jb/DSAT_REDUX_MD/backups/dsat_dev_20260809_060001.dump
[Sun Aug  9 06:00:02 PDT 2026] Backup complete: /home/jb/DSAT_REDUX_MD/backups/dsat_dev_20260809_060001.dump (5.5M)
[Sun Aug  9 06:00:02 PDT 2026] Pruning old backup: /home/jb/DSAT_REDUX_MD/backups/dsat_dev_20260808_180001.dump
[Sun Aug  9 08:00:01 PDT 2026] Starting backup → /home/jb/DSAT_REDUX_MD/backups/dsat_dev_20260809_080001.dump
[Sun Aug  9 08:00:02 PDT 2026] Backup complete: /home/jb/DSAT_REDUX_MD/backups/dsat_dev_20260809_080001.dump (5.5M)
[Sun Aug  9 08:00:02 PDT 2026] Pruning old backup: /home/jb/DSAT_REDUX_MD/backups/dsat_dev_20260808_200001.dump
[Sun Aug  9 10:00:01 PDT 2026] Starting backup → /home/jb/DSAT_REDUX_MD/backups/dsat_dev_20260809_100001.dump
[Sun Aug  9 10:00:02 PDT 2026] Backup complete: /home/jb/DSAT_REDUX_MD/backups/dsat_dev_20260809_100001.dump (5.5M)
[Sun Aug  9 10:00:02 PDT 2026] Pruning old backup: /home/jb/DSAT_REDUX_MD/backups/dsat_dev_20260808_220001.dump
[Sun Aug  9 12:00:01 PDT 2026] Starting backup → /home/jb/DSAT_REDUX_MD/backups/dsat_dev_20260809_120001.dump
[Sun Aug  9 12:00:02 PDT 2026] Backup complete: /home/jb/DSAT_REDUX_MD/backups/dsat_dev_20260809_120001.dump (5.5M)
[Sun Aug  9 12:00:02 PDT 2026] Pruning old backup: /home/jb/DSAT_REDUX_MD/backups/dsat_dev_20260809_000001.dump
[Sun Aug  9 14:00:01 PDT 2026] Starting backup → /home/jb/DSAT_REDUX_MD/backups/dsat_dev_20260809_140001.dump
[Sun Aug  9 14:00:01 PDT 2026] Backup complete: /home/jb/DSAT_REDUX_MD/backups/dsat_dev_20260809_140001.dump (5.5M)
[Sun Aug  9 14:00:01 PDT 2026] Pruning old backup: /home/jb/DSAT_REDUX_MD/backups/dsat_dev_20260809_020001.dump
[Sun Aug  9 16:00:01 PDT 2026] Starting backup → /home/jb/DSAT_REDUX_MD/backups/dsat_dev_20260809_160001.dump
[Sun Aug  9 16:00:02 PDT 2026] Backup complete: /home/jb/DSAT_REDUX_MD/backups/dsat_dev_20260809_160001.dump (5.5M)
[Sun Aug  9 16:00:02 PDT 2026] Pruning old backup: /home/jb/DSAT_REDUX_MD/backups/dsat_dev_20260809_040001.dump
[Sun Aug  9 18:00:01 PDT 2026] Starting backup → /home/jb/DSAT_REDUX_MD/backups/dsat_dev_20260809_180001.dump
[Sun Aug  9 18:00:02 PDT 2026] Backup complete: /home/jb/DSAT_REDUX_MD/backups/dsat_dev_20260809_180001.dump (5.5M)
[Sun Aug  9 18:00:02 PDT 2026] Pruning old backup: /home/jb/DSAT_REDUX_MD/backups/dsat_dev_20260809_060001.dump
[Sun Aug  9 20:00:01 PDT 2026] Starting backup → /home/jb/DSAT_REDUX_MD/backups/dsat_dev_20260809_200001.dump
[Sun Aug  9 20:00:02 PDT 2026] Backup complete: /home/jb/DSAT_REDUX_MD/backups/dsat_dev_20260809_200001.dump (5.5M)
[Sun Aug  9 20:00:02 PDT 2026] Pruning old backup: /home/jb/DSAT_REDUX_MD/backups/dsat_dev_20260809_080001.dump
[Sun Aug  9 22:00:01 PDT 2026] Starting backup → /home/jb/DSAT_REDUX_MD/backups/dsat_dev_20260809_220001.dump
[Sun Aug  9 22:00:02 PDT 2026] Backup complete: /home/jb/DSAT_REDUX_MD/backups/dsat_dev_20260809_220001.dump (5.5M)
[Sun Aug  9 22:00:02 PDT 2026] Pruning old backup: /home/jb/DSAT_REDUX_MD/backups/dsat_dev_20260809_100001.dump
[Mon Aug 10 00:00:01 PDT 2026] Starting backup → /home/jb/DSAT_REDUX_MD/backups/dsat_dev_20260810_000001.dump
[Mon Aug 10 00:00:02 PDT 2026] Backup complete: /home/jb/DSAT_REDUX_MD/backups/dsat_dev_20260810_000001.dump (5.5M)
[Mon Aug 10 00:00:02 PDT 2026] Pruning old backup: /home/jb/DSAT_REDUX_MD/backups/dsat_dev_20260809_120001.dump
[Mon Aug 10 02:00:01 PDT 2026] Starting backup → /home/jb/DSAT_REDUX_MD/backups/dsat_dev_20260810_020001.dump
[Mon Aug 10 02:00:02 PDT 2026] Backup complete: /home/jb/DSAT_REDUX_MD/backups/dsat_dev_20260810_020001.dump (5.5M)
[Mon Aug 10 02:00:02 PDT 2026] Pruning old backup: /home/jb/DSAT_REDUX_MD/backups/dsat_dev_20260809_140001.dump
[Mon Aug 10 04:00:01 PDT 2026] Starting backup → /home/jb/DSAT_REDUX_MD/backups/dsat_dev_20260810_040001.dump
[Mon Aug 10 04:00:02 PDT 2026] Backup complete: /home/jb/DSAT_REDUX_MD/backups/dsat_dev_20260810_040001.dump (5.5M)
[Mon Aug 10 04:00:02 PDT 2026] Pruning old backup: /home/jb/DSAT_REDUX_MD/backups/dsat_dev_20260809_160001.dump
[Mon Aug 10 06:00:01 PDT 2026] Starting backup → /home/jb/DSAT_REDUX_MD/backups/dsat_dev_20260810_060001.dump
[Mon Aug 10 06:00:02 PDT 2026] Backup complete: /home/jb/DSAT_REDUX_MD/backups/dsat_dev_20260810_060001.dump (5.5M)
[Mon Aug 10 06:00:02 PDT 2026] Pruning old backup: /home/jb/DSAT_REDUX_MD/backups/dsat_dev_20260809_180001.dump
[Mon Aug 10 08:00:01 PDT 2026] Starting backup → /home/jb/DSAT_REDUX_MD/backups/dsat_dev_20260810_080001.dump
[Mon Aug 10 08:00:02 PDT 2026] Backup complete: /home/jb/DSAT_REDUX_MD/backups/dsat_dev_20260810_080001.dump (5.5M)
[Mon Aug 10 08:00:02 PDT 2026] Pruning old backup: /home/jb/DSAT_REDUX_MD/backups/dsat_dev_20260809_200001.dump
[Mon Aug 10 10:00:01 PDT 2026] Starting backup → /home/jb/DSAT_REDUX_MD/backups/dsat_dev_20260810_100001.dump
[Mon Aug 10 10:00:03 PDT 2026] ERROR: container dsat-db not running — skipping backup
[Mon Aug 10 12:00:01 PDT 2026] Starting backup → /home/jb/DSAT_REDUX_MD/backups/dsat_dev_20260810_120001.dump
[Mon Aug 10 12:00:02 PDT 2026] ERROR: container dsat-db not running — skipping backup
[Mon Aug 10 14:00:01 PDT 2026] Starting backup → /home/jb/DSAT_REDUX_MD/backups/dsat_dev_20260810_140001.dump
[Mon Aug 10 14:00:03 PDT 2026] ERROR: container dsat-db not running — skipping backup
[Mon Aug 10 16:00:01 PDT 2026] Starting backup → /home/jb/DSAT_REDUX_MD/backups/dsat_dev_20260810_160001.dump
[Mon Aug 10 16:00:02 PDT 2026] Backup complete: /home/jb/DSAT_REDUX_MD/backups/dsat_dev_20260810_160001.dump (5.5M)
[Mon Aug 10 16:00:02 PDT 2026] Pruning old backup: /home/jb/DSAT_REDUX_MD/backups/dsat_dev_20260809_220001.dump
[Mon Aug 10 18:00:01 PDT 2026] Starting backup → /home/jb/DSAT_REDUX_MD/backups/dsat_dev_20260810_180001.dump
[Mon Aug 10 18:00:02 PDT 2026] Backup complete: /home/jb/DSAT_REDUX_MD/backups/dsat_dev_20260810_180001.dump (5.5M)
[Mon Aug 10 18:00:02 PDT 2026] Pruning old backup: /home/jb/DSAT_REDUX_MD/backups/dsat_dev_20260810_000001.dump
[Mon Aug 10 20:00:01 PDT 2026] Starting backup → /home/jb/DSAT_REDUX_MD/backups/dsat_dev_20260810_200001.dump
[Mon Aug 10 20:00:02 PDT 2026] Backup complete: /home/jb/DSAT_REDUX_MD/backups/dsat_dev_20260810_200001.dump (5.5M)
[Mon Aug 10 20:00:02 PDT 2026] Pruning old backup: /home/jb/DSAT_REDUX_MD/backups/dsat_dev_20260810_020001.dump
[Mon Aug 10 22:00:01 PDT 2026] Starting backup → /home/jb/DSAT_REDUX_MD/backups/dsat_dev_20260810_220001.dump
[Mon Aug 10 22:00:02 PDT 2026] Backup complete: /home/jb/DSAT_REDUX_MD/backups/dsat_dev_20260810_220001.dump (5.5M)
[Mon Aug 10 22:00:02 PDT 2026] Pruning old backup: /home/jb/DSAT_REDUX_MD/backups/dsat_dev_20260810_040001.dump
[Tue Aug 11 00:00:01 PDT 2026] Starting backup → /home/jb/DSAT_REDUX_MD/backups/dsat_dev_20260811_000001.dump
[Tue Aug 11 00:00:02 PDT 2026] Backup complete: /home/jb/DSAT_REDUX_MD/backups/dsat_dev_20260811_000001.dump (5.5M)
[Tue Aug 11 00:00:02 PDT 2026] Pruning old backup: /home/jb/DSAT_REDUX_MD/backups/dsat_dev_20260810_060001.dump
[Tue Aug 11 02:00:01 PDT 2026] Starting backup → /home/jb/DSAT_REDUX_MD/backups/dsat_dev_20260811_020001.dump
[Tue Aug 11 02:00:02 PDT 2026] Backup complete: /home/jb/DSAT_REDUX_MD/backups/dsat_dev_20260811_020001.dump (5.5M)
[Tue Aug 11 02:00:02 PDT 2026] Pruning old backup: /home/jb/DSAT_REDUX_MD/backups/dsat_dev_20260810_080001.dump
[Tue Aug 11 04:00:01 PDT 2026] Starting backup → /home/jb/DSAT_REDUX_MD/backups/dsat_dev_20260811_040001.dump
[Tue Aug 11 04:00:02 PDT 2026] Backup complete: /home/jb/DSAT_REDUX_MD/backups/dsat_dev_20260811_040001.dump (5.5M)
[Tue Aug 11 04:00:02 PDT 2026] Pruning old backup: /home/jb/DSAT_REDUX_MD/backups/dsat_dev_20260810_160001.dump
[Tue Aug 11 06:00:01 PDT 2026] Starting backup → /home/jb/DSAT_REDUX_MD/backups/dsat_dev_20260811_060001.dump
[Tue Aug 11 06:00:02 PDT 2026] Backup complete: /home/jb/DSAT_REDUX_MD/backups/dsat_dev_20260811_060001.dump (5.5M)
[Tue Aug 11 06:00:02 PDT 2026] Pruning old backup: /home/jb/DSAT_REDUX_MD/backups/dsat_dev_20260810_180001.dump
[Tue Aug 11 08:00:01 PDT 2026] Starting backup → /home/jb/DSAT_REDUX_MD/backups/dsat_dev_20260811_080001.dump
[Tue Aug 11 08:00:02 PDT 2026] Backup complete: /home/jb/DSAT_REDUX_MD/backups/dsat_dev_20260811_080001.dump (5.5M)
[Tue Aug 11 08:00:02 PDT 2026] Pruning old backup: /home/jb/DSAT_REDUX_MD/backups/dsat_dev_20260810_200001.dump
[Tue Aug 11 10:00:01 PDT 2026] Starting backup → /home/jb/DSAT_REDUX_MD/backups/dsat_dev_20260811_100001.dump
[Tue Aug 11 10:00:02 PDT 2026] Backup complete: /home/jb/DSAT_REDUX_MD/backups/dsat_dev_20260811_100001.dump (5.5M)
[Tue Aug 11 10:00:02 PDT 2026] Pruning old backup: /home/jb/DSAT_REDUX_MD/backups/dsat_dev_20260810_220001.dump
[Tue Aug 11 12:00:01 PDT 2026] Starting backup → /home/jb/DSAT_REDUX_MD/backups/dsat_dev_20260811_120001.dump
[Tue Aug 11 12:00:02 PDT 2026] Backup complete: /home/jb/DSAT_REDUX_MD/backups/dsat_dev_20260811_120001.dump (5.5M)
[Tue Aug 11 12:00:02 PDT 2026] Pruning old backup: /home/jb/DSAT_REDUX_MD/backups/dsat_dev_20260811_000001.dump
[Tue Aug 11 14:00:01 PDT 2026] Starting backup → /home/jb/DSAT_REDUX_MD/backups/dsat_dev_20260811_140001.dump
[Tue Aug 11 14:00:02 PDT 2026] Backup complete: /home/jb/DSAT_REDUX_MD/backups/dsat_dev_20260811_140001.dump (5.5M)
[Tue Aug 11 14:00:02 PDT 2026] Pruning old backup: /home/jb/DSAT_REDUX_MD/backups/dsat_dev_20260811_020001.dump
[Tue Aug 11 16:00:01 PDT 2026] Starting backup → /home/jb/DSAT_REDUX_MD/backups/dsat_dev_20260811_160001.dump
[Tue Aug 11 16:00:02 PDT 2026] Backup complete: /home/jb/DSAT_REDUX_MD/backups/dsat_dev_20260811_160001.dump (5.5M)
[Tue Aug 11 16:00:02 PDT 2026] Pruning old backup: /home/jb/DSAT_REDUX_MD/backups/dsat_dev_20260811_040001.dump
[Tue Aug 11 18:00:01 PDT 2026] Starting backup → /home/jb/DSAT_REDUX_MD/backups/dsat_dev_20260811_180001.dump
[Tue Aug 11 18:00:02 PDT 2026] Backup complete: /home/jb/DSAT_REDUX_MD/backups/dsat_dev_20260811_180001.dump (5.5M)
[Tue Aug 11 18:00:02 PDT 2026] Pruning old backup: /home/jb/DSAT_REDUX_MD/backups/dsat_dev_20260811_060001.dump
[Tue Aug 11 20:00:01 PDT 2026] Starting backup → /home/jb/DSAT_REDUX_MD/backups/dsat_dev_20260811_200001.dump
[Tue Aug 11 20:00:02 PDT 2026] Backup complete: /home/jb/DSAT_REDUX_MD/backups/dsat_dev_20260811_200001.dump (5.5M)
[Tue Aug 11 20:00:02 PDT 2026] Pruning old backup: /home/jb/DSAT_REDUX_MD/backups/dsat_dev_20260811_080001.dump
[Tue Aug 11 22:00:01 PDT 2026] Starting backup → /home/jb/DSAT_REDUX_MD/backups/dsat_dev_20260811_220001.dump
[Tue Aug 11 22:00:02 PDT 2026] Backup complete: /home/jb/DSAT_REDUX_MD/backups/dsat_dev_20260811_220001.dump (5.5M)
[Tue Aug 11 22:00:02 PDT 2026] Pruning old backup: /home/jb/DSAT_REDUX_MD/backups/dsat_dev_20260811_100001.dump
[Wed Aug 12 00:00:01 PDT 2026] Starting backup → /home/jb/DSAT_REDUX_MD/backups/dsat_dev_20260812_000001.dump
[Wed Aug 12 00:00:02 PDT 2026] Backup complete: /home/jb/DSAT_REDUX_MD/backups/dsat_dev_20260812_000001.dump (5.5M)
[Wed Aug 12 00:00:02 PDT 2026] Pruning old backup: /home/jb/DSAT_REDUX_MD/backups/dsat_dev_20260811_120001.dump
[Wed Aug 12 02:00:01 PDT 2026] Starting backup → /home/jb/DSAT_REDUX_MD/backups/dsat_dev_20260812_020001.dump
[Wed Aug 12 02:00:02 PDT 2026] Backup complete: /home/jb/DSAT_REDUX_MD/backups/dsat_dev_20260812_020001.dump (5.5M)
[Wed Aug 12 02:00:02 PDT 2026] Pruning old backup: /home/jb/DSAT_REDUX_MD/backups/dsat_dev_20260811_140001.dump
[Wed Aug 12 04:00:01 PDT 2026] Starting backup → /home/jb/DSAT_REDUX_MD/backups/dsat_dev_20260812_040001.dump
[Wed Aug 12 04:00:02 PDT 2026] Backup complete: /home/jb/DSAT_REDUX_MD/backups/dsat_dev_20260812_040001.dump (5.5M)
[Wed Aug 12 04:00:02 PDT 2026] Pruning old backup: /home/jb/DSAT_REDUX_MD/backups/dsat_dev_20260811_160001.dump
[Wed Aug 12 06:00:01 PDT 2026] Starting backup → /home/jb/DSAT_REDUX_MD/backups/dsat_dev_20260812_060001.dump
[Wed Aug 12 06:00:02 PDT 2026] Backup complete: /home/jb/DSAT_REDUX_MD/backups/dsat_dev_20260812_060001.dump (5.5M)
[Wed Aug 12 06:00:02 PDT 2026] Pruning old backup: /home/jb/DSAT_REDUX_MD/backups/dsat_dev_20260811_180001.dump
[Wed Aug 12 08:00:01 PDT 2026] Starting backup → /home/jb/DSAT_REDUX_MD/backups/dsat_dev_20260812_080001.dump
[Wed Aug 12 08:00:02 PDT 2026] Backup complete: /home/jb/DSAT_REDUX_MD/backups/dsat_dev_20260812_080001.dump (5.5M)
[Wed Aug 12 08:00:02 PDT 2026] Pruning old backup: /home/jb/DSAT_REDUX_MD/backups/dsat_dev_20260811_200001.dump
[Wed Aug 12 10:00:01 PDT 2026] Starting backup → /home/jb/DSAT_REDUX_MD/backups/dsat_dev_20260812_100001.dump
Error response from daemon: can only create exec sessions on running containers: container state improper
[Wed Aug 12 12:00:01 PDT 2026] Starting backup → /home/jb/DSAT_REDUX_MD/backups/dsat_dev_20260812_120001.dump
Error response from daemon: can only create exec sessions on running containers: container state improper
[Wed Aug 12 14:00:01 PDT 2026] Starting backup → /home/jb/DSAT_REDUX_MD/backups/dsat_dev_20260812_140001.dump
Error response from daemon: can only create exec sessions on running containers: container state improper
[Wed Aug 12 16:00:02 PDT 2026] Starting backup → /home/jb/DSAT_REDUX_MD/backups/dsat_dev_20260812_160002.dump
Error response from daemon: can only create exec sessions on running containers: container state improper
[Wed Aug 12 18:00:01 PDT 2026] Starting backup → /home/jb/DSAT_REDUX_MD/backups/dsat_dev_20260812_180001.dump
Error response from daemon: can only create exec sessions on running containers: container state improper
[Wed Aug 12 20:00:01 PDT 2026] Starting backup → /home/jb/DSAT_REDUX_MD/backups/dsat_dev_20260812_200001.dump
Error response from daemon: can only create exec sessions on running containers: container state improper
[Wed Aug 12 22:00:01 PDT 2026] Starting backup → /home/jb/DSAT_REDUX_MD/backups/dsat_dev_20260812_220001.dump
Error response from daemon: can only create exec sessions on running containers: container state improper
[Thu Aug 13 00:00:02 PDT 2026] Starting backup → /home/jb/DSAT_REDUX_MD/backups/dsat_dev_20260813_000002.dump
Error response from daemon: can only create exec sessions on running containers: container state improper
[Thu Aug 13 02:00:01 PDT 2026] Starting backup → /home/jb/DSAT_REDUX_MD/backups/dsat_dev_20260813_020001.dump
Error response from daemon: can only create exec sessions on running containers: container state improper
[Thu Aug 13 04:00:01 PDT 2026] Starting backup → /home/jb/DSAT_REDUX_MD/backups/dsat_dev_20260813_040001.dump
Error response from daemon: can only create exec sessions on running containers: container state improper
[Thu Aug 13 06:00:01 PDT 2026] Starting backup → /home/jb/DSAT_REDUX_MD/backups/dsat_dev_20260813_060001.dump
Error response from daemon: can only create exec sessions on running containers: container state improper
[Thu Aug 13 08:00:01 PDT 2026] Starting backup → /home/jb/DSAT_REDUX_MD/backups/dsat_dev_20260813_080001.dump
Error response from daemon: can only create exec sessions on running containers: container state improper
[Thu Aug 13 10:00:01 PDT 2026] Starting backup → /home/jb/DSAT_REDUX_MD/backups/dsat_dev_20260813_100001.dump
Error response from daemon: can only create exec sessions on running containers: container state improper
[Thu Aug 13 12:00:01 PDT 2026] Starting backup → /home/jb/DSAT_REDUX_MD/backups/dsat_dev_20260813_120001.dump
Error response from daemon: can only create exec sessions on running containers: container state improper
[Thu Aug 13 14:00:01 PDT 2026] Starting backup → /home/jb/DSAT_REDUX_MD/backups/dsat_dev_20260813_140001.dump
Error response from daemon: can only create exec sessions on running containers: container state improper
[Thu Aug 13 16:00:01 PDT 2026] Starting backup → /home/jb/DSAT_REDUX_MD/backups/dsat_dev_20260813_160001.dump
Error response from daemon: can only create exec sessions on running containers: container state improper
[Thu Aug 13 18:00:01 PDT 2026] Starting backup → /home/jb/DSAT_REDUX_MD/backups/dsat_dev_20260813_180001.dump
Error response from daemon: can only create exec sessions on running containers: container state improper
[Thu Aug 13 20:00:01 PDT 2026] Starting backup → /home/jb/DSAT_REDUX_MD/backups/dsat_dev_20260813_200001.dump
[Thu Aug 13 20:00:01 PDT 2026] Backup complete: /home/jb/DSAT_REDUX_MD/backups/dsat_dev_20260813_200001.dump (5.5M)
[Thu Aug 13 20:00:01 PDT 2026] Pruning old backup: /home/jb/DSAT_REDUX_MD/backups/dsat_dev_20260813_080001.dump
[Thu Aug 13 20:00:01 PDT 2026] Pruning old backup: /home/jb/DSAT_REDUX_MD/backups/dsat_dev_20260813_060001.dump
[Thu Aug 13 20:00:01 PDT 2026] Pruning old backup: /home/jb/DSAT_REDUX_MD/backups/dsat_dev_20260813_040001.dump
[Thu Aug 13 20:00:01 PDT 2026] Pruning old backup: /home/jb/DSAT_REDUX_MD/backups/dsat_dev_20260813_020001.dump
[Thu Aug 13 20:00:01 PDT 2026] Pruning old backup: /home/jb/DSAT_REDUX_MD/backups/dsat_dev_20260813_000002.dump
[Thu Aug 13 20:00:01 PDT 2026] Pruning old backup: /home/jb/DSAT_REDUX_MD/backups/dsat_dev_20260812_220001.dump
[Thu Aug 13 20:00:01 PDT 2026] Pruning old backup: /home/jb/DSAT_REDUX_MD/backups/dsat_dev_20260812_200001.dump
[Thu Aug 13 20:00:01 PDT 2026] Pruning old backup: /home/jb/DSAT_REDUX_MD/backups/dsat_dev_20260812_180001.dump
[Thu Aug 13 20:00:02 PDT 2026] Pruning old backup: /home/jb/DSAT_REDUX_MD/backups/dsat_dev_20260812_160002.dump
[Thu Aug 13 20:00:02 PDT 2026] Pruning old backup: /home/jb/DSAT_REDUX_MD/backups/dsat_dev_20260812_140001.dump
[Thu Aug 13 20:00:02 PDT 2026] Pruning old backup: /home/jb/DSAT_REDUX_MD/backups/dsat_dev_20260812_120001.dump
[Thu Aug 13 20:00:02 PDT 2026] Pruning old backup: /home/jb/DSAT_REDUX_MD/backups/dsat_dev_20260812_100001.dump
[Thu Aug 13 20:00:02 PDT 2026] Pruning old backup: /home/jb/DSAT_REDUX_MD/backups/dsat_dev_20260812_080001.dump
[Thu Aug 13 20:00:02 PDT 2026] Pruning old backup: /home/jb/DSAT_REDUX_MD/backups/dsat_dev_20260812_060001.dump
[Thu Aug 13 20:00:02 PDT 2026] Pruning old backup: /home/jb/DSAT_REDUX_MD/backups/dsat_dev_20260812_040001.dump
[Thu Aug 13 20:00:02 PDT 2026] Pruning old backup: /home/jb/DSAT_REDUX_MD/backups/dsat_dev_20260812_020001.dump
[Thu Aug 13 20:00:02 PDT 2026] Pruning old backup: /home/jb/DSAT_REDUX_MD/backups/dsat_dev_20260812_000001.dump
[Thu Aug 13 20:00:02 PDT 2026] Pruning old backup: /home/jb/DSAT_REDUX_MD/backups/dsat_dev_20260811_220001.dump
[Thu Aug 13 22:00:01 PDT 2026] Starting backup → /home/jb/DSAT_REDUX_MD/backups/dsat_dev_20260813_220001.dump
Error response from daemon: can only create exec sessions on running containers: container state improper
[Fri Aug 14 00:00:01 PDT 2026] Starting backup → /home/jb/DSAT_REDUX_MD/backups/dsat_dev_20260814_000001.dump
Error response from daemon: can only create exec sessions on running containers: container state improper
[Fri Aug 14 02:00:01 PDT 2026] Starting backup → /home/jb/DSAT_REDUX_MD/backups/dsat_dev_20260814_020001.dump
Error response from daemon: can only create exec sessions on running containers: container state improper
[Fri Aug 14 04:00:01 PDT 2026] Starting backup → /home/jb/DSAT_REDUX_MD/backups/dsat_dev_20260814_040001.dump
Error response from daemon: can only create exec sessions on running containers: container state improper
[Fri Aug 14 06:00:01 PDT 2026] Starting backup → /home/jb/DSAT_REDUX_MD/backups/dsat_dev_20260814_060001.dump
Error response from daemon: can only create exec sessions on running containers: container state improper
[Fri Aug 14 08:00:01 PDT 2026] Starting backup → /home/jb/DSAT_REDUX_MD/backups/dsat_dev_20260814_080001.dump
Error response from daemon: can only create exec sessions on running containers: container state improper
[Fri Aug 14 10:00:01 PDT 2026] Starting backup → /home/jb/DSAT_REDUX_MD/backups/dsat_dev_20260814_100001.dump
[Fri Aug 14 10:00:02 PDT 2026] Backup complete: /home/jb/DSAT_REDUX_MD/backups/dsat_dev_20260814_100001.dump (5.5M)
[Fri Aug 14 10:00:02 PDT 2026] Pruning old backup: /home/jb/DSAT_REDUX_MD/backups/dsat_dev_20260813_220001.dump
[Fri Aug 14 10:00:02 PDT 2026] Pruning old backup: /home/jb/DSAT_REDUX_MD/backups/dsat_dev_20260813_200001.dump
[Fri Aug 14 10:00:02 PDT 2026] Pruning old backup: /home/jb/DSAT_REDUX_MD/backups/dsat_dev_20260813_180001.dump
[Fri Aug 14 10:00:02 PDT 2026] Pruning old backup: /home/jb/DSAT_REDUX_MD/backups/dsat_dev_20260813_160001.dump
[Fri Aug 14 10:00:02 PDT 2026] Pruning old backup: /home/jb/DSAT_REDUX_MD/backups/dsat_dev_20260813_140001.dump
[Fri Aug 14 10:00:02 PDT 2026] Pruning old backup: /home/jb/DSAT_REDUX_MD/backups/dsat_dev_20260813_120001.dump
[Fri Aug 14 10:00:02 PDT 2026] Pruning old backup: /home/jb/DSAT_REDUX_MD/backups/dsat_dev_20260813_100001.dump
[Fri Aug 14 12:00:01 PDT 2026] Starting backup → /home/jb/DSAT_REDUX_MD/backups/dsat_dev_20260814_120001.dump
[Fri Aug 14 12:00:02 PDT 2026] Backup complete: /home/jb/DSAT_REDUX_MD/backups/dsat_dev_20260814_120001.dump (5.7M)
[Fri Aug 14 12:00:02 PDT 2026] Pruning old backup: /home/jb/DSAT_REDUX_MD/backups/dsat_dev_20260814_000001.dump
[Fri Aug 14 14:00:01 PDT 2026] Starting backup → /home/jb/DSAT_REDUX_MD/backups/dsat_dev_20260814_140001.dump
[Fri Aug 14 14:00:42 PDT 2026] Backup complete: /home/jb/DSAT_REDUX_MD/backups/dsat_dev_20260814_140001.dump (5.7M)
[Fri Aug 14 14:00:42 PDT 2026] Pruning old backup: /home/jb/DSAT_REDUX_MD/backups/dsat_dev_20260814_020001.dump
[Fri Aug 14 16:00:01 PDT 2026] Starting backup → /home/jb/DSAT_REDUX_MD/backups/dsat_dev_20260814_160001.dump
[Fri Aug 14 16:00:02 PDT 2026] Backup complete: /home/jb/DSAT_REDUX_MD/backups/dsat_dev_20260814_160001.dump (5.7M)
[Fri Aug 14 16:00:02 PDT 2026] Pruning old backup: /home/jb/DSAT_REDUX_MD/backups/dsat_dev_20260814_040001.dump
[Fri Aug 14 18:00:01 PDT 2026] Starting backup → /home/jb/DSAT_REDUX_MD/backups/dsat_dev_20260814_180001.dump
[Fri Aug 14 18:00:02 PDT 2026] Backup complete: /home/jb/DSAT_REDUX_MD/backups/dsat_dev_20260814_180001.dump (5.7M)
[Fri Aug 14 18:00:02 PDT 2026] Pruning old backup: /home/jb/DSAT_REDUX_MD/backups/dsat_dev_20260814_060001.dump
[Fri Aug 14 20:00:01 PDT 2026] Starting backup → /home/jb/DSAT_REDUX_MD/backups/dsat_dev_20260814_200001.dump
[Fri Aug 14 20:00:02 PDT 2026] Backup complete: /home/jb/DSAT_REDUX_MD/backups/dsat_dev_20260814_200001.dump (5.7M)
[Fri Aug 14 20:00:02 PDT 2026] Pruning old backup: /home/jb/DSAT_REDUX_MD/backups/dsat_dev_20260814_080001.dump
2026-08-15T04:05:17Z manual backup: backups/dsat_manual_backup_20260814_210507.dump (5968273 bytes)
[Fri Aug 14 22:00:01 PDT 2026] Starting backup → /home/jb/DSAT_REDUX_MD/backups/dsat_dev_20260814_220001.dump
[Fri Aug 14 22:00:01 PDT 2026] Backup complete: /home/jb/DSAT_REDUX_MD/backups/dsat_dev_20260814_220001.dump (5.7M)
[Fri Aug 14 22:00:01 PDT 2026] Pruning old backup: /home/jb/DSAT_REDUX_MD/backups/dsat_dev_20260814_100001.dump
[Sat Aug 15 00:00:01 PDT 2026] Starting backup → /home/jb/DSAT_REDUX_MD/backups/dsat_dev_20260815_000001.dump
[Sat Aug 15 00:00:02 PDT 2026] Backup complete: /home/jb/DSAT_REDUX_MD/backups/dsat_dev_20260815_000001.dump (5.7M)
[Sat Aug 15 00:00:02 PDT 2026] Pruning old backup: /home/jb/DSAT_REDUX_MD/backups/dsat_dev_20260814_120001.dump
[Sat Aug 15 02:00:01 PDT 2026] Starting backup → /home/jb/DSAT_REDUX_MD/backups/dsat_dev_20260815_020001.dump
[Sat Aug 15 02:00:02 PDT 2026] Backup complete: /home/jb/DSAT_REDUX_MD/backups/dsat_dev_20260815_020001.dump (5.7M)
[Sat Aug 15 02:00:02 PDT 2026] Pruning old backup: /home/jb/DSAT_REDUX_MD/backups/dsat_dev_20260814_140001.dump
[Sat Aug 15 04:00:01 PDT 2026] Starting backup → /home/jb/DSAT_REDUX_MD/backups/dsat_dev_20260815_040001.dump
[Sat Aug 15 04:00:02 PDT 2026] Backup complete: /home/jb/DSAT_REDUX_MD/backups/dsat_dev_20260815_040001.dump (5.7M)
[Sat Aug 15 04:00:02 PDT 2026] Pruning old backup: /home/jb/DSAT_REDUX_MD/backups/dsat_dev_20260814_160001.dump
[Sat Aug 15 06:00:01 PDT 2026] Starting backup → /home/jb/DSAT_REDUX_MD/backups/dsat_dev_20260815_060001.dump
[Sat Aug 15 06:00:02 PDT 2026] Backup complete: /home/jb/DSAT_REDUX_MD/backups/dsat_dev_20260815_060001.dump (5.7M)
[Sat Aug 15 06:00:02 PDT 2026] Pruning old backup: /home/jb/DSAT_REDUX_MD/backups/dsat_dev_20260814_180001.dump
[Sat Aug 15 08:00:01 PDT 2026] Starting backup → /home/jb/DSAT_REDUX_MD/backups/dsat_dev_20260815_080001.dump
[Sat Aug 15 08:00:02 PDT 2026] Backup complete: /home/jb/DSAT_REDUX_MD/backups/dsat_dev_20260815_080001.dump (5.7M)
[Sat Aug 15 08:00:02 PDT 2026] Pruning old backup: /home/jb/DSAT_REDUX_MD/backups/dsat_dev_20260814_200001.dump
[Sat Aug 15 10:00:01 PDT 2026] Starting backup → /home/jb/DSAT_REDUX_MD/backups/dsat_dev_20260815_100001.dump
[Sat Aug 15 10:00:02 PDT 2026] Backup complete: /home/jb/DSAT_REDUX_MD/backups/dsat_dev_20260815_100001.dump (5.7M)
[Sat Aug 15 10:00:02 PDT 2026] Pruning old backup: /home/jb/DSAT_REDUX_MD/backups/dsat_dev_20260814_220001.dump
[Sat Aug 15 12:00:01 PDT 2026] Starting backup → /home/jb/DSAT_REDUX_MD/backups/dsat_dev_20260815_120001.dump
[Sat Aug 15 12:00:02 PDT 2026] Backup complete: /home/jb/DSAT_REDUX_MD/backups/dsat_dev_20260815_120001.dump (5.7M)
[Sat Aug 15 12:00:02 PDT 2026] Pruning old backup: /home/jb/DSAT_REDUX_MD/backups/dsat_dev_20260815_000001.dump
[Sat Aug 15 14:00:01 PDT 2026] Starting backup → /home/jb/DSAT_REDUX_MD/backups/dsat_dev_20260815_140001.dump
[Sat Aug 15 14:00:02 PDT 2026] Backup complete: /home/jb/DSAT_REDUX_MD/backups/dsat_dev_20260815_140001.dump (5.7M)
[Sat Aug 15 14:00:02 PDT 2026] Pruning old backup: /home/jb/DSAT_REDUX_MD/backups/dsat_dev_20260815_020001.dump
[Sat Aug 15 16:00:01 PDT 2026] Starting backup → /home/jb/DSAT_REDUX_MD/backups/dsat_dev_20260815_160001.dump
[Sat Aug 15 16:00:02 PDT 2026] Backup complete: /home/jb/DSAT_REDUX_MD/backups/dsat_dev_20260815_160001.dump (5.7M)
[Sat Aug 15 16:00:02 PDT 2026] Pruning old backup: /home/jb/DSAT_REDUX_MD/backups/dsat_dev_20260815_040001.dump
[Sat Aug 15 18:00:01 PDT 2026] Starting backup → /home/jb/DSAT_REDUX_MD/backups/dsat_dev_20260815_180001.dump
[Sat Aug 15 18:00:02 PDT 2026] Backup complete: /home/jb/DSAT_REDUX_MD/backups/dsat_dev_20260815_180001.dump (5.7M)
[Sat Aug 15 18:00:02 PDT 2026] Pruning old backup: /home/jb/DSAT_REDUX_MD/backups/dsat_dev_20260815_060001.dump
[Sat Aug 15 20:00:01 PDT 2026] Starting backup → /home/jb/DSAT_REDUX_MD/backups/dsat_dev_20260815_200001.dump
[Sat Aug 15 20:00:02 PDT 2026] Backup complete: /home/jb/DSAT_REDUX_MD/backups/dsat_dev_20260815_200001.dump (5.7M)
[Sat Aug 15 20:00:02 PDT 2026] Pruning old backup: /home/jb/DSAT_REDUX_MD/backups/dsat_dev_20260815_080001.dump
[Sat Aug 15 22:00:01 PDT 2026] Starting backup → /home/jb/DSAT_REDUX_MD/backups/dsat_dev_20260815_220001.dump
[Sat Aug 15 22:00:02 PDT 2026] Backup complete: /home/jb/DSAT_REDUX_MD/backups/dsat_dev_20260815_220001.dump (5.7M)
[Sat Aug 15 22:00:02 PDT 2026] Pruning old backup: /home/jb/DSAT_REDUX_MD/backups/dsat_dev_20260815_100001.dump
[Sun Aug 16 00:00:01 PDT 2026] Starting backup → /home/jb/DSAT_REDUX_MD/backups/dsat_dev_20260816_000001.dump
[Sun Aug 16 00:00:02 PDT 2026] Backup complete: /home/jb/DSAT_REDUX_MD/backups/dsat_dev_20260816_000001.dump (5.7M)
[Sun Aug 16 00:00:02 PDT 2026] Pruning old backup: /home/jb/DSAT_REDUX_MD/backups/dsat_dev_20260815_120001.dump
[Sun Aug 16 02:00:01 PDT 2026] Starting backup → /home/jb/DSAT_REDUX_MD/backups/dsat_dev_20260816_020001.dump
[Sun Aug 16 02:00:02 PDT 2026] Backup complete: /home/jb/DSAT_REDUX_MD/backups/dsat_dev_20260816_020001.dump (5.7M)
[Sun Aug 16 02:00:02 PDT 2026] Pruning old backup: /home/jb/DSAT_REDUX_MD/backups/dsat_dev_20260815_140001.dump
[Sun Aug 16 04:00:01 PDT 2026] Starting backup → /home/jb/DSAT_REDUX_MD/backups/dsat_dev_20260816_040001.dump
[Sun Aug 16 04:00:02 PDT 2026] Backup complete: /home/jb/DSAT_REDUX_MD/backups/dsat_dev_20260816_040001.dump (5.7M)
[Sun Aug 16 04:00:02 PDT 2026] Pruning old backup: /home/jb/DSAT_REDUX_MD/backups/dsat_dev_20260815_160001.dump
[Sun Aug 16 06:00:01 PDT 2026] Starting backup → /home/jb/DSAT_REDUX_MD/backups/dsat_dev_20260816_060001.dump
[Sun Aug 16 06:00:02 PDT 2026] Backup complete: /home/jb/DSAT_REDUX_MD/backups/dsat_dev_20260816_060001.dump (5.7M)
[Sun Aug 16 06:00:02 PDT 2026] Pruning old backup: /home/jb/DSAT_REDUX_MD/backups/dsat_dev_20260815_180001.dump
[Sun Aug 16 08:00:01 PDT 2026] Starting backup → /home/jb/DSAT_REDUX_MD/backups/dsat_dev_20260816_080001.dump
[Sun Aug 16 08:00:02 PDT 2026] Backup complete: /home/jb/DSAT_REDUX_MD/backups/dsat_dev_20260816_080001.dump (5.7M)
[Sun Aug 16 08:00:02 PDT 2026] Pruning old backup: /home/jb/DSAT_REDUX_MD/backups/dsat_dev_20260815_200001.dump
[Sun Aug 16 10:00:01 PDT 2026] Starting backup → /home/jb/DSAT_REDUX_MD/backups/dsat_dev_20260816_100001.dump
[Sun Aug 16 10:00:02 PDT 2026] Backup complete: /home/jb/DSAT_REDUX_MD/backups/dsat_dev_20260816_100001.dump (5.7M)
[Sun Aug 16 10:00:02 PDT 2026] Pruning old backup: /home/jb/DSAT_REDUX_MD/backups/dsat_dev_20260815_220001.dump
[Sun Aug 16 12:00:01 PDT 2026] Starting backup → /home/jb/DSAT_REDUX_MD/backups/dsat_dev_20260816_120001.dump
[Sun Aug 16 12:00:02 PDT 2026] Backup complete: /home/jb/DSAT_REDUX_MD/backups/dsat_dev_20260816_120001.dump (5.7M)
[Sun Aug 16 12:00:02 PDT 2026] Pruning old backup: /home/jb/DSAT_REDUX_MD/backups/dsat_dev_20260816_000001.dump
[Sun Aug 16 14:00:01 PDT 2026] Starting backup → /home/jb/DSAT_REDUX_MD/backups/dsat_dev_20260816_140001.dump
[Sun Aug 16 14:00:02 PDT 2026] Backup complete: /home/jb/DSAT_REDUX_MD/backups/dsat_dev_20260816_140001.dump (5.7M)
[Sun Aug 16 14:00:02 PDT 2026] Pruning old backup: /home/jb/DSAT_REDUX_MD/backups/dsat_dev_20260816_020001.dump
[Sun Aug 16 16:00:01 PDT 2026] Starting backup → /home/jb/DSAT_REDUX_MD/backups/dsat_dev_20260816_160001.dump
[Sun Aug 16 16:00:02 PDT 2026] Backup complete: /home/jb/DSAT_REDUX_MD/backups/dsat_dev_20260816_160001.dump (5.7M)
[Sun Aug 16 16:00:02 PDT 2026] Pruning old backup: /home/jb/DSAT_REDUX_MD/backups/dsat_dev_20260816_040001.dump
[Sun Aug 16 18:00:01 PDT 2026] Starting backup → /home/jb/DSAT_REDUX_MD/backups/dsat_dev_20260816_180001.dump
[Sun Aug 16 18:00:02 PDT 2026] Backup complete: /home/jb/DSAT_REDUX_MD/backups/dsat_dev_20260816_180001.dump (5.7M)
[Sun Aug 16 18:00:02 PDT 2026] Pruning old backup: /home/jb/DSAT_REDUX_MD/backups/dsat_dev_20260816_060001.dump
[Sun Aug 16 20:00:01 PDT 2026] Starting backup → /home/jb/DSAT_REDUX_MD/backups/dsat_dev_20260816_200001.dump
[Sun Aug 16 20:00:02 PDT 2026] Backup complete: /home/jb/DSAT_REDUX_MD/backups/dsat_dev_20260816_200001.dump (5.7M)
[Sun Aug 16 20:00:02 PDT 2026] Pruning old backup: /home/jb/DSAT_REDUX_MD/backups/dsat_dev_20260816_080001.dump
[Sun Aug 16 22:00:02 PDT 2026] Starting backup → /home/jb/DSAT_REDUX_MD/backups/dsat_dev_20260816_220002.dump
[Sun Aug 16 22:00:03 PDT 2026] Backup complete: /home/jb/DSAT_REDUX_MD/backups/dsat_dev_20260816_220002.dump (5.7M)
[Sun Aug 16 22:00:03 PDT 2026] Pruning old backup: /home/jb/DSAT_REDUX_MD/backups/dsat_dev_20260816_100001.dump
[Mon Aug 17 00:00:01 PDT 2026] Starting backup → /home/jb/DSAT_REDUX_MD/backups/dsat_dev_20260817_000001.dump
[Mon Aug 17 00:00:02 PDT 2026] Backup complete: /home/jb/DSAT_REDUX_MD/backups/dsat_dev_20260817_000001.dump (5.7M)
[Mon Aug 17 00:00:02 PDT 2026] Pruning old backup: /home/jb/DSAT_REDUX_MD/backups/dsat_dev_20260816_120001.dump
[Mon Aug 17 02:00:01 PDT 2026] Starting backup → /home/jb/DSAT_REDUX_MD/backups/dsat_dev_20260817_020001.dump
[Mon Aug 17 02:00:02 PDT 2026] Backup complete: /home/jb/DSAT_REDUX_MD/backups/dsat_dev_20260817_020001.dump (5.7M)
[Mon Aug 17 02:00:02 PDT 2026] Pruning old backup: /home/jb/DSAT_REDUX_MD/backups/dsat_dev_20260816_140001.dump
[Mon Aug 17 04:00:01 PDT 2026] Starting backup → /home/jb/DSAT_REDUX_MD/backups/dsat_dev_20260817_040001.dump
[Mon Aug 17 04:00:02 PDT 2026] Backup complete: /home/jb/DSAT_REDUX_MD/backups/dsat_dev_20260817_040001.dump (5.7M)
[Mon Aug 17 04:00:02 PDT 2026] Pruning old backup: /home/jb/DSAT_REDUX_MD/backups/dsat_dev_20260816_160001.dump
[Mon Aug 17 06:00:01 PDT 2026] Starting backup → /home/jb/DSAT_REDUX_MD/backups/dsat_dev_20260817_060001.dump
[Mon Aug 17 06:00:02 PDT 2026] Backup complete: /home/jb/DSAT_REDUX_MD/backups/dsat_dev_20260817_060001.dump (5.7M)
[Mon Aug 17 06:00:02 PDT 2026] Pruning old backup: /home/jb/DSAT_REDUX_MD/backups/dsat_dev_20260816_180001.dump
[Mon Aug 17 08:00:01 PDT 2026] Starting backup → /home/jb/DSAT_REDUX_MD/backups/dsat_dev_20260817_080001.dump
[Mon Aug 17 08:00:02 PDT 2026] Backup complete: /home/jb/DSAT_REDUX_MD/backups/dsat_dev_20260817_080001.dump (5.7M)
[Mon Aug 17 08:00:02 PDT 2026] Pruning old backup: /home/jb/DSAT_REDUX_MD/backups/dsat_dev_20260816_200001.dump
[Mon Aug 17 12:00:01 PDT 2026] Starting backup → /home/jb/DSAT_REDUX_MD/backups/dsat_dev_20260817_120001.dump
[Mon Aug 17 12:00:02 PDT 2026] ERROR: container dsat-db not running — skipping backup
[Mon Aug 17 14:00:02 PDT 2026] Starting backup → /home/jb/DSAT_REDUX_MD/backups/dsat_dev_20260817_140002.dump
[Mon Aug 17 14:00:03 PDT 2026] ERROR: container dsat-db not running — skipping backup
[Mon Aug 17 16:00:01 PDT 2026] Starting backup → /home/jb/DSAT_REDUX_MD/backups/dsat_dev_20260817_160001.dump
[Mon Aug 17 16:00:02 PDT 2026] Backup complete: /home/jb/DSAT_REDUX_MD/backups/dsat_dev_20260817_160001.dump (5.7M)
[Mon Aug 17 16:00:02 PDT 2026] Pruning old backup: /home/jb/DSAT_REDUX_MD/backups/dsat_dev_20260816_220002.dump
[Mon Aug 17 18:00:01 PDT 2026] Starting backup → /home/jb/DSAT_REDUX_MD/backups/dsat_dev_20260817_180001.dump
[Mon Aug 17 18:00:02 PDT 2026] Backup complete: /home/jb/DSAT_REDUX_MD/backups/dsat_dev_20260817_180001.dump (5.7M)
[Mon Aug 17 18:00:02 PDT 2026] Pruning old backup: /home/jb/DSAT_REDUX_MD/backups/dsat_dev_20260817_000001.dump
[Mon Aug 17 20:00:01 PDT 2026] Starting backup → /home/jb/DSAT_REDUX_MD/backups/dsat_dev_20260817_200001.dump
[Mon Aug 17 20:00:02 PDT 2026] Backup complete: /home/jb/DSAT_REDUX_MD/backups/dsat_dev_20260817_200001.dump (5.7M)
[Mon Aug 17 20:00:02 PDT 2026] Pruning old backup: /home/jb/DSAT_REDUX_MD/backups/dsat_dev_20260817_020001.dump
[Mon Aug 17 22:00:01 PDT 2026] Starting backup → /home/jb/DSAT_REDUX_MD/backups/dsat_dev_20260817_220001.dump
[Mon Aug 17 22:00:02 PDT 2026] Backup complete: /home/jb/DSAT_REDUX_MD/backups/dsat_dev_20260817_220001.dump (5.7M)
[Mon Aug 17 22:00:02 PDT 2026] Pruning old backup: /home/jb/DSAT_REDUX_MD/backups/dsat_dev_20260817_040001.dump
[Tue Aug 18 00:00:01 PDT 2026] Starting backup → /home/jb/DSAT_REDUX_MD/backups/dsat_dev_20260818_000001.dump
[Tue Aug 18 00:00:02 PDT 2026] Backup complete: /home/jb/DSAT_REDUX_MD/backups/dsat_dev_20260818_000001.dump (5.7M)
[Tue Aug 18 00:00:02 PDT 2026] Pruning old backup: /home/jb/DSAT_REDUX_MD/backups/dsat_dev_20260817_060001.dump
[Tue Aug 18 02:00:01 PDT 2026] Starting backup → /home/jb/DSAT_REDUX_MD/backups/dsat_dev_20260818_020001.dump
[Tue Aug 18 02:00:02 PDT 2026] Backup complete: /home/jb/DSAT_REDUX_MD/backups/dsat_dev_20260818_020001.dump (5.7M)
[Tue Aug 18 02:00:02 PDT 2026] Pruning old backup: /home/jb/DSAT_REDUX_MD/backups/dsat_dev_20260817_080001.dump
[Tue Aug 18 04:00:01 PDT 2026] Starting backup → /home/jb/DSAT_REDUX_MD/backups/dsat_dev_20260818_040001.dump
[Tue Aug 18 04:00:02 PDT 2026] Backup complete: /home/jb/DSAT_REDUX_MD/backups/dsat_dev_20260818_040001.dump (5.7M)
[Tue Aug 18 04:00:02 PDT 2026] Pruning old backup: /home/jb/DSAT_REDUX_MD/backups/dsat_dev_20260817_160001.dump
[Tue Aug 18 06:00:01 PDT 2026] Starting backup → /home/jb/DSAT_REDUX_MD/backups/dsat_dev_20260818_060001.dump
[Tue Aug 18 06:00:02 PDT 2026] Backup complete: /home/jb/DSAT_REDUX_MD/backups/dsat_dev_20260818_060001.dump (5.7M)
[Tue Aug 18 06:00:02 PDT 2026] Pruning old backup: /home/jb/DSAT_REDUX_MD/backups/dsat_dev_20260817_180001.dump
[Tue Aug 18 08:00:01 PDT 2026] Starting backup → /home/jb/DSAT_REDUX_MD/backups/dsat_dev_20260818_080001.dump
[Tue Aug 18 08:00:02 PDT 2026] Backup complete: /home/jb/DSAT_REDUX_MD/backups/dsat_dev_20260818_080001.dump (5.7M)
[Tue Aug 18 08:00:02 PDT 2026] Pruning old backup: /home/jb/DSAT_REDUX_MD/backups/dsat_dev_20260817_200001.dump
[Tue Aug 18 10:00:01 PDT 2026] Starting backup → /home/jb/DSAT_REDUX_MD/backups/dsat_dev_20260818_100001.dump
[Tue Aug 18 10:00:02 PDT 2026] Backup complete: /home/jb/DSAT_REDUX_MD/backups/dsat_dev_20260818_100001.dump (5.7M)
[Tue Aug 18 10:00:02 PDT 2026] Pruning old backup: /home/jb/DSAT_REDUX_MD/backups/dsat_dev_20260817_220001.dump
[Tue Aug 18 12:00:01 PDT 2026] Starting backup → /home/jb/DSAT_REDUX_MD/backups/dsat_dev_20260818_120001.dump
Error response from daemon: can only create exec sessions on running containers: container state improper
[Tue Aug 18 14:00:01 PDT 2026] Starting backup → /home/jb/DSAT_REDUX_MD/backups/dsat_dev_20260818_140001.dump
Error response from daemon: can only create exec sessions on running containers: container state improper
[Tue Aug 18 16:00:01 PDT 2026] Starting backup → /home/jb/DSAT_REDUX_MD/backups/dsat_dev_20260818_160001.dump
Error response from daemon: can only create exec sessions on running containers: container state improper
[Tue Aug 18 18:00:01 PDT 2026] Starting backup → /home/jb/DSAT_REDUX_MD/backups/dsat_dev_20260818_180001.dump
Error response from daemon: can only create exec sessions on running containers: container state improper
[Tue Aug 18 20:00:01 PDT 2026] Starting backup → /home/jb/DSAT_REDUX_MD/backups/dsat_dev_20260818_200001.dump
Error response from daemon: can only create exec sessions on running containers: container state improper
[Tue Aug 18 22:00:01 PDT 2026] Starting backup → /home/jb/DSAT_REDUX_MD/backups/dsat_dev_20260818_220001.dump
Error response from daemon: can only create exec sessions on running containers: container state improper
[Wed Aug 19 00:00:01 PDT 2026] Starting backup → /home/jb/DSAT_REDUX_MD/backups/dsat_dev_20260819_000001.dump
Error response from daemon: can only create exec sessions on running containers: container state improper
[Wed Aug 19 02:00:01 PDT 2026] Starting backup → /home/jb/DSAT_REDUX_MD/backups/dsat_dev_20260819_020001.dump
Error response from daemon: can only create exec sessions on running containers: container state improper
[Wed Aug 19 04:00:01 PDT 2026] Starting backup → /home/jb/DSAT_REDUX_MD/backups/dsat_dev_20260819_040001.dump
Error response from daemon: can only create exec sessions on running containers: container state improper
[Wed Aug 19 06:00:02 PDT 2026] Starting backup → /home/jb/DSAT_REDUX_MD/backups/dsat_dev_20260819_060002.dump
Error response from daemon: can only create exec sessions on running containers: container state improper
[Wed Aug 19 08:00:01 PDT 2026] Starting backup → /home/jb/DSAT_REDUX_MD/backups/dsat_dev_20260819_080001.dump
Error response from daemon: can only create exec sessions on running containers: container state improper
[Wed Aug 19 10:00:01 PDT 2026] Starting backup → /home/jb/DSAT_REDUX_MD/backups/dsat_dev_20260819_100001.dump
Error response from daemon: can only create exec sessions on running containers: container state improper
[Wed Aug 19 12:00:01 PDT 2026] Starting backup → /home/jb/DSAT_REDUX_MD/backups/dsat_dev_20260819_120001.dump
Error response from daemon: can only create exec sessions on running containers: container state improper
[Wed Aug 19 14:00:01 PDT 2026] Starting backup → /home/jb/DSAT_REDUX_MD/backups/dsat_dev_20260819_140001.dump
[Wed Aug 19 14:00:02 PDT 2026] Backup complete: /home/jb/DSAT_REDUX_MD/backups/dsat_dev_20260819_140001.dump (5.7M)
[Wed Aug 19 14:00:02 PDT 2026] Pruning old backup: /home/jb/DSAT_REDUX_MD/backups/dsat_dev_20260819_020001.dump
[Wed Aug 19 14:00:02 PDT 2026] Pruning old backup: /home/jb/DSAT_REDUX_MD/backups/dsat_dev_20260819_000001.dump
[Wed Aug 19 14:00:02 PDT 2026] Pruning old backup: /home/jb/DSAT_REDUX_MD/backups/dsat_dev_20260818_220001.dump
[Wed Aug 19 14:00:02 PDT 2026] Pruning old backup: /home/jb/DSAT_REDUX_MD/backups/dsat_dev_20260818_200001.dump
[Wed Aug 19 14:00:02 PDT 2026] Pruning old backup: /home/jb/DSAT_REDUX_MD/backups/dsat_dev_20260818_180001.dump
[Wed Aug 19 14:00:02 PDT 2026] Pruning old backup: /home/jb/DSAT_REDUX_MD/backups/dsat_dev_20260818_160001.dump
[Wed Aug 19 14:00:02 PDT 2026] Pruning old backup: /home/jb/DSAT_REDUX_MD/backups/dsat_dev_20260818_140001.dump
[Wed Aug 19 14:00:02 PDT 2026] Pruning old backup: /home/jb/DSAT_REDUX_MD/backups/dsat_dev_20260818_120001.dump
[Wed Aug 19 14:00:02 PDT 2026] Pruning old backup: /home/jb/DSAT_REDUX_MD/backups/dsat_dev_20260818_100001.dump
[Wed Aug 19 14:00:02 PDT 2026] Pruning old backup: /home/jb/DSAT_REDUX_MD/backups/dsat_dev_20260818_080001.dump
[Wed Aug 19 14:00:02 PDT 2026] Pruning old backup: /home/jb/DSAT_REDUX_MD/backups/dsat_dev_20260818_060001.dump
[Wed Aug 19 14:00:02 PDT 2026] Pruning old backup: /home/jb/DSAT_REDUX_MD/backups/dsat_dev_20260818_040001.dump
[Wed Aug 19 14:00:02 PDT 2026] Pruning old backup: /home/jb/DSAT_REDUX_MD/backups/dsat_dev_20260818_020001.dump
[Wed Aug 19 14:00:02 PDT 2026] Pruning old backup: /home/jb/DSAT_REDUX_MD/backups/dsat_dev_20260818_000001.dump
[Wed Aug 19 16:00:01 PDT 2026] Starting backup → /home/jb/DSAT_REDUX_MD/backups/dsat_dev_20260819_160001.dump
[Wed Aug 19 16:00:02 PDT 2026] Backup complete: /home/jb/DSAT_REDUX_MD/backups/dsat_dev_20260819_160001.dump (5.7M)
[Wed Aug 19 16:00:02 PDT 2026] Pruning old backup: /home/jb/DSAT_REDUX_MD/backups/dsat_dev_20260819_040001.dump
[Wed Aug 19 18:00:01 PDT 2026] Starting backup → /home/jb/DSAT_REDUX_MD/backups/dsat_dev_20260819_180001.dump
[Wed Aug 19 18:00:02 PDT 2026] Backup complete: /home/jb/DSAT_REDUX_MD/backups/dsat_dev_20260819_180001.dump (5.7M)
[Wed Aug 19 18:00:02 PDT 2026] Pruning old backup: /home/jb/DSAT_REDUX_MD/backups/dsat_dev_20260819_060002.dump
[Wed Aug 19 20:00:01 PDT 2026] Starting backup → /home/jb/DSAT_REDUX_MD/backups/dsat_dev_20260819_200001.dump
[Wed Aug 19 20:00:03 PDT 2026] Backup complete: /home/jb/DSAT_REDUX_MD/backups/dsat_dev_20260819_200001.dump (5.7M)
[Wed Aug 19 20:00:03 PDT 2026] Pruning old backup: /home/jb/DSAT_REDUX_MD/backups/dsat_dev_20260819_080001.dump
[Wed Aug 19 22:00:01 PDT 2026] Starting backup → /home/jb/DSAT_REDUX_MD/backups/dsat_dev_20260819_220001.dump
[Wed Aug 19 22:00:02 PDT 2026] Backup complete: /home/jb/DSAT_REDUX_MD/backups/dsat_dev_20260819_220001.dump (5.7M)
[Wed Aug 19 22:00:02 PDT 2026] Pruning old backup: /home/jb/DSAT_REDUX_MD/backups/dsat_dev_20260819_100001.dump
[Thu Aug 20 00:00:01 PDT 2026] Starting backup → /home/jb/DSAT_REDUX_MD/backups/dsat_dev_20260820_000001.dump
[Thu Aug 20 00:00:02 PDT 2026] Backup complete: /home/jb/DSAT_REDUX_MD/backups/dsat_dev_20260820_000001.dump (5.7M)
[Thu Aug 20 00:00:02 PDT 2026] Pruning old backup: /home/jb/DSAT_REDUX_MD/backups/dsat_dev_20260819_120001.dump
[Thu Aug 20 02:00:01 PDT 2026] Starting backup → /home/jb/DSAT_REDUX_MD/backups/dsat_dev_20260820_020001.dump
[Thu Aug 20 02:00:02 PDT 2026] Backup complete: /home/jb/DSAT_REDUX_MD/backups/dsat_dev_20260820_020001.dump (5.7M)
[Thu Aug 20 02:00:02 PDT 2026] Pruning old backup: /home/jb/DSAT_REDUX_MD/backups/dsat_dev_20260819_140001.dump
[Thu Aug 20 04:00:01 PDT 2026] Starting backup → /home/jb/DSAT_REDUX_MD/backups/dsat_dev_20260820_040001.dump
[Thu Aug 20 04:00:02 PDT 2026] Backup complete: /home/jb/DSAT_REDUX_MD/backups/dsat_dev_20260820_040001.dump (5.7M)
[Thu Aug 20 04:00:02 PDT 2026] Pruning old backup: /home/jb/DSAT_REDUX_MD/backups/dsat_dev_20260819_160001.dump
[Thu Aug 20 06:00:01 PDT 2026] Starting backup → /home/jb/DSAT_REDUX_MD/backups/dsat_dev_20260820_060001.dump
[Thu Aug 20 06:00:02 PDT 2026] Backup complete: /home/jb/DSAT_REDUX_MD/backups/dsat_dev_20260820_060001.dump (5.7M)
[Thu Aug 20 06:00:02 PDT 2026] Pruning old backup: /home/jb/DSAT_REDUX_MD/backups/dsat_dev_20260819_180001.dump
[Thu Aug 20 08:00:01 PDT 2026] Starting backup → /home/jb/DSAT_REDUX_MD/backups/dsat_dev_20260820_080001.dump
[Thu Aug 20 08:00:02 PDT 2026] Backup complete: /home/jb/DSAT_REDUX_MD/backups/dsat_dev_20260820_080001.dump (5.7M)
[Thu Aug 20 08:00:02 PDT 2026] Pruning old backup: /home/jb/DSAT_REDUX_MD/backups/dsat_dev_20260819_200001.dump
[Thu Aug 20 10:00:01 PDT 2026] Starting backup → /home/jb/DSAT_REDUX_MD/backups/dsat_dev_20260820_100001.dump
[Thu Aug 20 10:00:02 PDT 2026] Backup complete: /home/jb/DSAT_REDUX_MD/backups/dsat_dev_20260820_100001.dump (5.7M)
[Thu Aug 20 10:00:02 PDT 2026] Pruning old backup: /home/jb/DSAT_REDUX_MD/backups/dsat_dev_20260819_220001.dump
[Thu Aug 20 12:00:01 PDT 2026] Starting backup → /home/jb/DSAT_REDUX_MD/backups/dsat_dev_20260820_120001.dump
Error response from daemon: can only create exec sessions on running containers: container state improper
[Thu Aug 20 14:00:01 PDT 2026] Starting backup → /home/jb/DSAT_REDUX_MD/backups/dsat_dev_20260820_140001.dump
Error response from daemon: can only create exec sessions on running containers: container state improper
[Thu Aug 20 16:00:01 PDT 2026] Starting backup → /home/jb/DSAT_REDUX_MD/backups/dsat_dev_20260820_160001.dump
Error response from daemon: can only create exec sessions on running containers: container state improper
[Thu Aug 20 18:00:01 PDT 2026] Starting backup → /home/jb/DSAT_REDUX_MD/backups/dsat_dev_20260820_180001.dump
[Thu Aug 20 18:00:02 PDT 2026] Backup complete: /home/jb/DSAT_REDUX_MD/backups/dsat_dev_20260820_180001.dump (5.7M)
[Thu Aug 20 18:00:02 PDT 2026] Pruning old backup: /home/jb/DSAT_REDUX_MD/backups/dsat_dev_20260820_060001.dump
[Thu Aug 20 18:00:02 PDT 2026] Pruning old backup: /home/jb/DSAT_REDUX_MD/backups/dsat_dev_20260820_040001.dump
[Thu Aug 20 18:00:02 PDT 2026] Pruning old backup: /home/jb/DSAT_REDUX_MD/backups/dsat_dev_20260820_020001.dump
[Thu Aug 20 18:00:02 PDT 2026] Pruning old backup: /home/jb/DSAT_REDUX_MD/backups/dsat_dev_20260820_000001.dump
[Thu Aug 20 20:00:01 PDT 2026] Starting backup → /home/jb/DSAT_REDUX_MD/backups/dsat_dev_20260820_200001.dump
[Thu Aug 20 20:00:02 PDT 2026] Backup complete: /home/jb/DSAT_REDUX_MD/backups/dsat_dev_20260820_200001.dump (5.7M)
[Thu Aug 20 20:00:02 PDT 2026] Pruning old backup: /home/jb/DSAT_REDUX_MD/backups/dsat_dev_20260820_080001.dump
[Thu Aug 20 22:00:01 PDT 2026] Starting backup → /home/jb/DSAT_REDUX_MD/backups/dsat_dev_20260820_220001.dump
[Thu Aug 20 22:00:02 PDT 2026] Backup complete: /home/jb/DSAT_REDUX_MD/backups/dsat_dev_20260820_220001.dump (5.7M)
[Thu Aug 20 22:00:02 PDT 2026] Pruning old backup: /home/jb/DSAT_REDUX_MD/backups/dsat_dev_20260820_100001.dump
[Fri Aug 21 00:00:01 PDT 2026] Starting backup → /home/jb/DSAT_REDUX_MD/backups/dsat_dev_20260821_000001.dump
[Fri Aug 21 00:00:02 PDT 2026] Backup complete: /home/jb/DSAT_REDUX_MD/backups/dsat_dev_20260821_000001.dump (5.7M)
[Fri Aug 21 00:00:02 PDT 2026] Pruning old backup: /home/jb/DSAT_REDUX_MD/backups/dsat_dev_20260820_120001.dump
[Fri Aug 21 02:00:01 PDT 2026] Starting backup → /home/jb/DSAT_REDUX_MD/backups/dsat_dev_20260821_020001.dump
[Fri Aug 21 02:00:02 PDT 2026] Backup complete: /home/jb/DSAT_REDUX_MD/backups/dsat_dev_20260821_020001.dump (5.7M)
[Fri Aug 21 02:00:02 PDT 2026] Pruning old backup: /home/jb/DSAT_REDUX_MD/backups/dsat_dev_20260820_140001.dump
[Fri Aug 21 04:00:01 PDT 2026] Starting backup → /home/jb/DSAT_REDUX_MD/backups/dsat_dev_20260821_040001.dump
[Fri Aug 21 04:00:02 PDT 2026] Backup complete: /home/jb/DSAT_REDUX_MD/backups/dsat_dev_20260821_040001.dump (5.7M)
[Fri Aug 21 04:00:02 PDT 2026] Pruning old backup: /home/jb/DSAT_REDUX_MD/backups/dsat_dev_20260820_160001.dump
[Fri Aug 21 06:00:01 PDT 2026] Starting backup → /home/jb/DSAT_REDUX_MD/backups/dsat_dev_20260821_060001.dump
[Fri Aug 21 06:00:02 PDT 2026] Backup complete: /home/jb/DSAT_REDUX_MD/backups/dsat_dev_20260821_060001.dump (5.7M)
[Fri Aug 21 06:00:02 PDT 2026] Pruning old backup: /home/jb/DSAT_REDUX_MD/backups/dsat_dev_20260820_180001.dump
[Fri Aug 21 08:00:01 PDT 2026] Starting backup → /home/jb/DSAT_REDUX_MD/backups/dsat_dev_20260821_080001.dump
[Fri Aug 21 08:00:02 PDT 2026] Backup complete: /home/jb/DSAT_REDUX_MD/backups/dsat_dev_20260821_080001.dump (5.7M)
[Fri Aug 21 08:00:02 PDT 2026] Pruning old backup: /home/jb/DSAT_REDUX_MD/backups/dsat_dev_20260820_200001.dump
[Fri Aug 21 10:00:01 PDT 2026] Starting backup → /home/jb/DSAT_REDUX_MD/backups/dsat_dev_20260821_100001.dump
[Fri Aug 21 10:00:03 PDT 2026] ERROR: container dsat-db not running — skipping backup
[Fri Aug 21 12:00:01 PDT 2026] Starting backup → /home/jb/DSAT_REDUX_MD/backups/dsat_dev_20260821_120001.dump
[Fri Aug 21 12:00:03 PDT 2026] ERROR: container dsat-db not running — skipping backup
[Fri Aug 21 14:00:01 PDT 2026] Starting backup → /home/jb/DSAT_REDUX_MD/backups/dsat_dev_20260821_140001.dump
[Fri Aug 21 14:00:02 PDT 2026] ERROR: container dsat-db not running — skipping backup
[Fri Aug 21 16:00:01 PDT 2026] Starting backup → /home/jb/DSAT_REDUX_MD/backups/dsat_dev_20260821_160001.dump
[Fri Aug 21 16:00:02 PDT 2026] ERROR: container dsat-db not running — skipping backup
[Fri Aug 21 18:00:01 PDT 2026] Starting backup → /home/jb/DSAT_REDUX_MD/backups/dsat_dev_20260821_180001.dump
[Fri Aug 21 18:00:03 PDT 2026] ERROR: container dsat-db not running — skipping backup
[Fri Aug 21 20:00:01 PDT 2026] Starting backup → /home/jb/DSAT_REDUX_MD/backups/dsat_dev_20260821_200001.dump
[Fri Aug 21 20:00:02 PDT 2026] ERROR: container dsat-db not running — skipping backup
[Fri Aug 21 22:00:01 PDT 2026] Starting backup → /home/jb/DSAT_REDUX_MD/backups/dsat_dev_20260821_220001.dump
[Fri Aug 21 22:00:02 PDT 2026] ERROR: container dsat-db not running — skipping backup
[Sat Aug 22 00:00:01 PDT 2026] Starting backup → /home/jb/DSAT_REDUX_MD/backups/dsat_dev_20260822_000001.dump
[Sat Aug 22 00:00:02 PDT 2026] ERROR: container dsat-db not running — skipping backup
[Sat Aug 22 02:00:01 PDT 2026] Starting backup → /home/jb/DSAT_REDUX_MD/backups/dsat_dev_20260822_020001.dump
[Sat Aug 22 02:00:02 PDT 2026] ERROR: container dsat-db not running — skipping backup
[Sat Aug 22 04:00:01 PDT 2026] Starting backup → /home/jb/DSAT_REDUX_MD/backups/dsat_dev_20260822_040001.dump
[Sat Aug 22 04:00:02 PDT 2026] ERROR: container dsat-db not running — skipping backup
[Sat Aug 22 06:00:01 PDT 2026] Starting backup → /home/jb/DSAT_REDUX_MD/backups/dsat_dev_20260822_060001.dump
[Sat Aug 22 06:00:03 PDT 2026] ERROR: container dsat-db not running — skipping backup
[Sat Aug 22 08:00:01 PDT 2026] Starting backup → /home/jb/DSAT_REDUX_MD/backups/dsat_dev_20260822_080001.dump
[Sat Aug 22 08:00:02 PDT 2026] Backup complete: /home/jb/DSAT_REDUX_MD/backups/dsat_dev_20260822_080001.dump (5.7M)
[Sat Aug 22 08:00:02 PDT 2026] Pruning old backup: /home/jb/DSAT_REDUX_MD/backups/dsat_dev_20260820_220001.dump
[Sat Aug 22 10:00:01 PDT 2026] Starting backup → /home/jb/DSAT_REDUX_MD/backups/dsat_dev_20260822_100001.dump
[Sat Aug 22 10:00:02 PDT 2026] Backup complete: /home/jb/DSAT_REDUX_MD/backups/dsat_dev_20260822_100001.dump (5.7M)
[Sat Aug 22 10:00:02 PDT 2026] Pruning old backup: /home/jb/DSAT_REDUX_MD/backups/dsat_dev_20260821_000001.dump
[Sat Aug 22 12:00:01 PDT 2026] Starting backup → /home/jb/DSAT_REDUX_MD/backups/dsat_dev_20260822_120001.dump
[Sat Aug 22 12:00:02 PDT 2026] Backup complete: /home/jb/DSAT_REDUX_MD/backups/dsat_dev_20260822_120001.dump (5.7M)
[Sat Aug 22 12:00:02 PDT 2026] Pruning old backup: /home/jb/DSAT_REDUX_MD/backups/dsat_dev_20260821_020001.dump
[Sat Aug 22 14:00:01 PDT 2026] Starting backup → /home/jb/DSAT_REDUX_MD/backups/dsat_dev_20260822_140001.dump
[Sat Aug 22 14:00:02 PDT 2026] Backup complete: /home/jb/DSAT_REDUX_MD/backups/dsat_dev_20260822_140001.dump (5.7M)
[Sat Aug 22 14:00:02 PDT 2026] Pruning old backup: /home/jb/DSAT_REDUX_MD/backups/dsat_dev_20260821_040001.dump
[Sat Aug 22 16:00:01 PDT 2026] Starting backup → /home/jb/DSAT_REDUX_MD/backups/dsat_dev_20260822_160001.dump
[Sat Aug 22 16:00:02 PDT 2026] Backup complete: /home/jb/DSAT_REDUX_MD/backups/dsat_dev_20260822_160001.dump (5.7M)
[Sat Aug 22 16:00:02 PDT 2026] Pruning old backup: /home/jb/DSAT_REDUX_MD/backups/dsat_dev_20260821_060001.dump
[Sat Aug 22 18:00:01 PDT 2026] Starting backup → /home/jb/DSAT_REDUX_MD/backups/dsat_dev_20260822_180001.dump
[Sat Aug 22 18:00:02 PDT 2026] Backup complete: /home/jb/DSAT_REDUX_MD/backups/dsat_dev_20260822_180001.dump (5.7M)
[Sat Aug 22 18:00:02 PDT 2026] Pruning old backup: /home/jb/DSAT_REDUX_MD/backups/dsat_dev_20260821_080001.dump
[Sat Aug 22 20:00:01 PDT 2026] Starting backup → /home/jb/DSAT_REDUX_MD/backups/dsat_dev_20260822_200001.dump
[Sat Aug 22 20:00:02 PDT 2026] Backup complete: /home/jb/DSAT_REDUX_MD/backups/dsat_dev_20260822_200001.dump (5.7M)
[Sat Aug 22 20:00:02 PDT 2026] Pruning old backup: /home/jb/DSAT_REDUX_MD/backups/dsat_dev_20260822_080001.dump
[Sat Aug 22 22:00:01 PDT 2026] Starting backup → /home/jb/DSAT_REDUX_MD/backups/dsat_dev_20260822_220001.dump
Error response from daemon: can only create exec sessions on running containers: container state improper
[Sun Aug 23 00:00:01 PDT 2026] Starting backup → /home/jb/DSAT_REDUX_MD/backups/dsat_dev_20260823_000001.dump
Error response from daemon: can only create exec sessions on running containers: container state improper
[Sun Aug 23 02:00:01 PDT 2026] Starting backup → /home/jb/DSAT_REDUX_MD/backups/dsat_dev_20260823_020001.dump
Error response from daemon: can only create exec sessions on running containers: container state improper
[Sun Aug 23 04:00:01 PDT 2026] Starting backup → /home/jb/DSAT_REDUX_MD/backups/dsat_dev_20260823_040001.dump
Error response from daemon: can only create exec sessions on running containers: container state improper
[Sun Aug 23 06:00:01 PDT 2026] Starting backup → /home/jb/DSAT_REDUX_MD/backups/dsat_dev_20260823_060001.dump
Error response from daemon: can only create exec sessions on running containers: container state improper
[Sun Aug 23 08:00:01 PDT 2026] Starting backup → /home/jb/DSAT_REDUX_MD/backups/dsat_dev_20260823_080001.dump
Error response from daemon: can only create exec sessions on running containers: container state improper
[Sun Aug 23 10:00:01 PDT 2026] Starting backup → /home/jb/DSAT_REDUX_MD/backups/dsat_dev_20260823_100001.dump
[Sun Aug 23 10:00:02 PDT 2026] Backup complete: /home/jb/DSAT_REDUX_MD/backups/dsat_dev_20260823_100001.dump (5.7M)
[Sun Aug 23 10:00:02 PDT 2026] Pruning old backup: /home/jb/DSAT_REDUX_MD/backups/dsat_dev_20260822_220001.dump
[Sun Aug 23 10:00:02 PDT 2026] Pruning old backup: /home/jb/DSAT_REDUX_MD/backups/dsat_dev_20260822_200001.dump
[Sun Aug 23 10:00:02 PDT 2026] Pruning old backup: /home/jb/DSAT_REDUX_MD/backups/dsat_dev_20260822_180001.dump
[Sun Aug 23 10:00:02 PDT 2026] Pruning old backup: /home/jb/DSAT_REDUX_MD/backups/dsat_dev_20260822_160001.dump
[Sun Aug 23 10:00:02 PDT 2026] Pruning old backup: /home/jb/DSAT_REDUX_MD/backups/dsat_dev_20260822_140001.dump
[Sun Aug 23 10:00:02 PDT 2026] Pruning old backup: /home/jb/DSAT_REDUX_MD/backups/dsat_dev_20260822_120001.dump
[Sun Aug 23 10:00:02 PDT 2026] Pruning old backup: /home/jb/DSAT_REDUX_MD/backups/dsat_dev_20260822_100001.dump
[Sun Aug 23 12:00:01 PDT 2026] Starting backup → /home/jb/DSAT_REDUX_MD/backups/dsat_dev_20260823_120001.dump
[Sun Aug 23 12:00:01 PDT 2026] Backup complete: /home/jb/DSAT_REDUX_MD/backups/dsat_dev_20260823_120001.dump (5.7M)
[Sun Aug 23 12:00:01 PDT 2026] Pruning old backup: /home/jb/DSAT_REDUX_MD/backups/dsat_dev_20260823_000001.dump
[Sun Aug 23 14:00:01 PDT 2026] Starting backup → /home/jb/DSAT_REDUX_MD/backups/dsat_dev_20260823_140001.dump
[Sun Aug 23 14:00:02 PDT 2026] Backup complete: /home/jb/DSAT_REDUX_MD/backups/dsat_dev_20260823_140001.dump (5.7M)
[Sun Aug 23 14:00:02 PDT 2026] Pruning old backup: /home/jb/DSAT_REDUX_MD/backups/dsat_dev_20260823_020001.dump
[Sun Aug 23 16:00:01 PDT 2026] Starting backup → /home/jb/DSAT_REDUX_MD/backups/dsat_dev_20260823_160001.dump
[Sun Aug 23 16:00:02 PDT 2026] Backup complete: /home/jb/DSAT_REDUX_MD/backups/dsat_dev_20260823_160001.dump (5.7M)
[Sun Aug 23 16:00:02 PDT 2026] Pruning old backup: /home/jb/DSAT_REDUX_MD/backups/dsat_dev_20260823_040001.dump
[Sun Aug 23 18:00:01 PDT 2026] Starting backup → /home/jb/DSAT_REDUX_MD/backups/dsat_dev_20260823_180001.dump
Error response from daemon: can only create exec sessions on running containers: container state improper
[Sun Aug 23 20:00:01 PDT 2026] Starting backup → /home/jb/DSAT_REDUX_MD/backups/dsat_dev_20260823_200001.dump
Error response from daemon: can only create exec sessions on running containers: container state improper
[Sun Aug 23 22:00:01 PDT 2026] Starting backup → /home/jb/DSAT_REDUX_MD/backups/dsat_dev_20260823_220001.dump
Error response from daemon: can only create exec sessions on running containers: container state improper
[Mon Aug 24 00:00:01 PDT 2026] Starting backup → /home/jb/DSAT_REDUX_MD/backups/dsat_dev_20260824_000001.dump
Error response from daemon: can only create exec sessions on running containers: container state improper
[Mon Aug 24 02:00:01 PDT 2026] Starting backup → /home/jb/DSAT_REDUX_MD/backups/dsat_dev_20260824_020001.dump
Error response from daemon: can only create exec sessions on running containers: container state improper
[Mon Aug 24 04:00:01 PDT 2026] Starting backup → /home/jb/DSAT_REDUX_MD/backups/dsat_dev_20260824_040001.dump
Error response from daemon: can only create exec sessions on running containers: container state improper
[Mon Aug 24 06:00:01 PDT 2026] Starting backup → /home/jb/DSAT_REDUX_MD/backups/dsat_dev_20260824_060001.dump
Error response from daemon: can only create exec sessions on running containers: container state improper
[Mon Aug 24 08:00:01 PDT 2026] Starting backup → /home/jb/DSAT_REDUX_MD/backups/dsat_dev_20260824_080001.dump
Error response from daemon: can only create exec sessions on running containers: container state improper
[Mon Aug 24 10:00:01 PDT 2026] Starting backup → /home/jb/DSAT_REDUX_MD/backups/dsat_dev_20260824_100001.dump
Error response from daemon: can only create exec sessions on running containers: container state improper
[Mon Aug 24 12:00:01 PDT 2026] Starting backup → /home/jb/DSAT_REDUX_MD/backups/dsat_dev_20260824_120001.dump
Error response from daemon: can only create exec sessions on running containers: container state improper
[Mon Aug 24 14:00:01 PDT 2026] Starting backup → /home/jb/DSAT_REDUX_MD/backups/dsat_dev_20260824_140001.dump
Error response from daemon: can only create exec sessions on running containers: container state improper
[Mon Aug 24 16:00:01 PDT 2026] Starting backup → /home/jb/DSAT_REDUX_MD/backups/dsat_dev_20260824_160001.dump
Error response from daemon: can only create exec sessions on running containers: container state improper
[Mon Aug 24 18:00:01 PDT 2026] Starting backup → /home/jb/DSAT_REDUX_MD/backups/dsat_dev_20260824_180001.dump
Error response from daemon: can only create exec sessions on running containers: container state improper
[Mon Aug 24 20:00:01 PDT 2026] Starting backup → /home/jb/DSAT_REDUX_MD/backups/dsat_dev_20260824_200001.dump
Error response from daemon: can only create exec sessions on running containers: container state improper
[Mon Aug 24 22:00:01 PDT 2026] Starting backup → /home/jb/DSAT_REDUX_MD/backups/dsat_dev_20260824_220001.dump
Error response from daemon: can only create exec sessions on running containers: container state improper
[Tue Aug 25 00:00:01 PDT 2026] Starting backup → /home/jb/DSAT_REDUX_MD/backups/dsat_dev_20260825_000001.dump
Error response from daemon: can only create exec sessions on running containers: container state improper
[Tue Aug 25 02:00:01 PDT 2026] Starting backup → /home/jb/DSAT_REDUX_MD/backups/dsat_dev_20260825_020001.dump
Error response from daemon: can only create exec sessions on running containers: container state improper
[Tue Aug 25 04:00:01 PDT 2026] Starting backup → /home/jb/DSAT_REDUX_MD/backups/dsat_dev_20260825_040001.dump
Error response from daemon: can only create exec sessions on running containers: container state improper
[Tue Aug 25 06:00:01 PDT 2026] Starting backup → /home/jb/DSAT_REDUX_MD/backups/dsat_dev_20260825_060001.dump
Error response from daemon: can only create exec sessions on running containers: container state improper
[Tue Aug 25 08:00:01 PDT 2026] Starting backup → /home/jb/DSAT_REDUX_MD/backups/dsat_dev_20260825_080001.dump
Error response from daemon: can only create exec sessions on running containers: container state improper
[Tue Aug 25 10:00:01 PDT 2026] Starting backup → /home/jb/DSAT_REDUX_MD/backups/dsat_dev_20260825_100001.dump
Error response from daemon: can only create exec sessions on running containers: container state improper
[Tue Aug 25 12:00:01 PDT 2026] Starting backup → /home/jb/DSAT_REDUX_MD/backups/dsat_dev_20260825_120001.dump
Error response from daemon: can only create exec sessions on running containers: container state improper
[Tue Aug 25 14:00:01 PDT 2026] Starting backup → /home/jb/DSAT_REDUX_MD/backups/dsat_dev_20260825_140001.dump
Error response from daemon: can only create exec sessions on running containers: container state improper
[Tue Aug 25 16:00:01 PDT 2026] Starting backup → /home/jb/DSAT_REDUX_MD/backups/dsat_dev_20260825_160001.dump
Error response from daemon: can only create exec sessions on running containers: container state improper
[Tue Aug 25 18:00:01 PDT 2026] Starting backup → /home/jb/DSAT_REDUX_MD/backups/dsat_dev_20260825_180001.dump
Error response from daemon: can only create exec sessions on running containers: container state improper
[Tue Aug 25 20:00:01 PDT 2026] Starting backup → /home/jb/DSAT_REDUX_MD/backups/dsat_dev_20260825_200001.dump
Error response from daemon: can only create exec sessions on running containers: container state improper
[Tue Aug 25 22:00:01 PDT 2026] Starting backup → /home/jb/DSAT_REDUX_MD/backups/dsat_dev_20260825_220001.dump
Error response from daemon: can only create exec sessions on running containers: container state improper
[Wed Aug 26 00:00:01 PDT 2026] Starting backup → /home/jb/DSAT_REDUX_MD/backups/dsat_dev_20260826_000001.dump
Error response from daemon: can only create exec sessions on running containers: container state improper
[Wed Aug 26 02:00:01 PDT 2026] Starting backup → /home/jb/DSAT_REDUX_MD/backups/dsat_dev_20260826_020001.dump
Error response from daemon: can only create exec sessions on running containers: container state improper
[Wed Aug 26 04:00:01 PDT 2026] Starting backup → /home/jb/DSAT_REDUX_MD/backups/dsat_dev_20260826_040001.dump
Error response from daemon: can only create exec sessions on running containers: container state improper
[Wed Aug 26 06:00:01 PDT 2026] Starting backup → /home/jb/DSAT_REDUX_MD/backups/dsat_dev_20260826_060001.dump
Error response from daemon: can only create exec sessions on running containers: container state improper
[Wed Aug 26 08:00:01 PDT 2026] Starting backup → /home/jb/DSAT_REDUX_MD/backups/dsat_dev_20260826_080001.dump
Error response from daemon: can only create exec sessions on running containers: container state improper
[Wed Aug 26 10:00:01 PDT 2026] Starting backup → /home/jb/DSAT_REDUX_MD/backups/dsat_dev_20260826_100001.dump
[Wed Aug 26 10:00:02 PDT 2026] Backup complete: /home/jb/DSAT_REDUX_MD/backups/dsat_dev_20260826_100001.dump (5.7M)
[Wed Aug 26 10:00:02 PDT 2026] Pruning old backup: /home/jb/DSAT_REDUX_MD/backups/dsat_dev_20260825_220001.dump
[Wed Aug 26 10:00:02 PDT 2026] Pruning old backup: /home/jb/DSAT_REDUX_MD/backups/dsat_dev_20260825_200001.dump
[Wed Aug 26 10:00:02 PDT 2026] Pruning old backup: /home/jb/DSAT_REDUX_MD/backups/dsat_dev_20260825_180001.dump
[Wed Aug 26 10:00:02 PDT 2026] Pruning old backup: /home/jb/DSAT_REDUX_MD/backups/dsat_dev_20260825_160001.dump
[Wed Aug 26 10:00:02 PDT 2026] Pruning old backup: /home/jb/DSAT_REDUX_MD/backups/dsat_dev_20260825_140001.dump
[Wed Aug 26 10:00:02 PDT 2026] Pruning old backup: /home/jb/DSAT_REDUX_MD/backups/dsat_dev_20260825_120001.dump
[Wed Aug 26 10:00:02 PDT 2026] Pruning old backup: /home/jb/DSAT_REDUX_MD/backups/dsat_dev_20260825_100001.dump
[Wed Aug 26 10:00:02 PDT 2026] Pruning old backup: /home/jb/DSAT_REDUX_MD/backups/dsat_dev_20260825_080001.dump
[Wed Aug 26 10:00:02 PDT 2026] Pruning old backup: /home/jb/DSAT_REDUX_MD/backups/dsat_dev_20260825_060001.dump
[Wed Aug 26 10:00:02 PDT 2026] Pruning old backup: /home/jb/DSAT_REDUX_MD/backups/dsat_dev_20260825_040001.dump
[Wed Aug 26 10:00:02 PDT 2026] Pruning old backup: /home/jb/DSAT_REDUX_MD/backups/dsat_dev_20260825_020001.dump
[Wed Aug 26 10:00:02 PDT 2026] Pruning old backup: /home/jb/DSAT_REDUX_MD/backups/dsat_dev_20260825_000001.dump
[Wed Aug 26 10:00:02 PDT 2026] Pruning old backup: /home/jb/DSAT_REDUX_MD/backups/dsat_dev_20260824_220001.dump
[Wed Aug 26 10:00:02 PDT 2026] Pruning old backup: /home/jb/DSAT_REDUX_MD/backups/dsat_dev_20260824_200001.dump
[Wed Aug 26 10:00:02 PDT 2026] Pruning old backup: /home/jb/DSAT_REDUX_MD/backups/dsat_dev_20260824_180001.dump
[Wed Aug 26 10:00:02 PDT 2026] Pruning old backup: /home/jb/DSAT_REDUX_MD/backups/dsat_dev_20260824_160001.dump
[Wed Aug 26 10:00:02 PDT 2026] Pruning old backup: /home/jb/DSAT_REDUX_MD/backups/dsat_dev_20260824_140001.dump
[Wed Aug 26 10:00:02 PDT 2026] Pruning old backup: /home/jb/DSAT_REDUX_MD/backups/dsat_dev_20260824_120001.dump
[Wed Aug 26 10:00:02 PDT 2026] Pruning old backup: /home/jb/DSAT_REDUX_MD/backups/dsat_dev_20260824_100001.dump
[Wed Aug 26 10:00:02 PDT 2026] Pruning old backup: /home/jb/DSAT_REDUX_MD/backups/dsat_dev_20260824_080001.dump
[Wed Aug 26 10:00:02 PDT 2026] Pruning old backup: /home/jb/DSAT_REDUX_MD/backups/dsat_dev_20260824_060001.dump
[Wed Aug 26 10:00:02 PDT 2026] Pruning old backup: /home/jb/DSAT_REDUX_MD/backups/dsat_dev_20260824_040001.dump
[Wed Aug 26 10:00:02 PDT 2026] Pruning old backup: /home/jb/DSAT_REDUX_MD/backups/dsat_dev_20260824_020001.dump
[Wed Aug 26 10:00:02 PDT 2026] Pruning old backup: /home/jb/DSAT_REDUX_MD/backups/dsat_dev_20260824_000001.dump
[Wed Aug 26 10:00:02 PDT 2026] Pruning old backup: /home/jb/DSAT_REDUX_MD/backups/dsat_dev_20260823_220001.dump
[Wed Aug 26 10:00:02 PDT 2026] Pruning old backup: /home/jb/DSAT_REDUX_MD/backups/dsat_dev_20260823_200001.dump
[Wed Aug 26 10:00:02 PDT 2026] Pruning old backup: /home/jb/DSAT_REDUX_MD/backups/dsat_dev_20260823_180001.dump
[Wed Aug 26 10:00:02 PDT 2026] Pruning old backup: /home/jb/DSAT_REDUX_MD/backups/dsat_dev_20260823_160001.dump
[Wed Aug 26 10:00:02 PDT 2026] Pruning old backup: /home/jb/DSAT_REDUX_MD/backups/dsat_dev_20260823_140001.dump
[Wed Aug 26 10:00:02 PDT 2026] Pruning old backup: /home/jb/DSAT_REDUX_MD/backups/dsat_dev_20260823_120001.dump
[Wed Aug 26 10:00:02 PDT 2026] Pruning old backup: /home/jb/DSAT_REDUX_MD/backups/dsat_dev_20260823_100001.dump
[Wed Aug 26 10:00:02 PDT 2026] Pruning old backup: /home/jb/DSAT_REDUX_MD/backups/dsat_dev_20260823_080001.dump
[Wed Aug 26 10:00:02 PDT 2026] Pruning old backup: /home/jb/DSAT_REDUX_MD/backups/dsat_dev_20260823_060001.dump
[Wed Aug 26 12:00:01 PDT 2026] Starting backup → /home/jb/DSAT_REDUX_MD/backups/dsat_dev_20260826_120001.dump
[Wed Aug 26 12:00:02 PDT 2026] Backup complete: /home/jb/DSAT_REDUX_MD/backups/dsat_dev_20260826_120001.dump (5.7M)
[Wed Aug 26 12:00:02 PDT 2026] Pruning old backup: /home/jb/DSAT_REDUX_MD/backups/dsat_dev_20260826_000001.dump
[Wed Aug 26 14:00:01 PDT 2026] Starting backup → /home/jb/DSAT_REDUX_MD/backups/dsat_dev_20260826_140001.dump
[Wed Aug 26 14:00:02 PDT 2026] Backup complete: /home/jb/DSAT_REDUX_MD/backups/dsat_dev_20260826_140001.dump (5.7M)
[Wed Aug 26 14:00:02 PDT 2026] Pruning old backup: /home/jb/DSAT_REDUX_MD/backups/dsat_dev_20260826_020001.dump
[Wed Aug 26 16:00:01 PDT 2026] Starting backup → /home/jb/DSAT_REDUX_MD/backups/dsat_dev_20260826_160001.dump
Error response from daemon: can only create exec sessions on running containers: container state improper
[Wed Aug 26 18:00:01 PDT 2026] Starting backup → /home/jb/DSAT_REDUX_MD/backups/dsat_dev_20260826_180001.dump
Error response from daemon: can only create exec sessions on running containers: container state improper
[Wed Aug 26 20:00:01 PDT 2026] Starting backup → /home/jb/DSAT_REDUX_MD/backups/dsat_dev_20260826_200001.dump
Error response from daemon: can only create exec sessions on running containers: container state improper
[Wed Aug 26 22:00:01 PDT 2026] Starting backup → /home/jb/DSAT_REDUX_MD/backups/dsat_dev_20260826_220001.dump
Error response from daemon: can only create exec sessions on running containers: container state improper
[Thu Aug 27 00:00:01 PDT 2026] Starting backup → /home/jb/DSAT_REDUX_MD/backups/dsat_dev_20260827_000001.dump
Error response from daemon: can only create exec sessions on running containers: container state improper
[Thu Aug 27 02:00:01 PDT 2026] Starting backup → /home/jb/DSAT_REDUX_MD/backups/dsat_dev_20260827_020001.dump
Error response from daemon: can only create exec sessions on running containers: container state improper
[Thu Aug 27 04:00:01 PDT 2026] Starting backup → /home/jb/DSAT_REDUX_MD/backups/dsat_dev_20260827_040001.dump
Error response from daemon: can only create exec sessions on running containers: container state improper
[Thu Aug 27 06:00:01 PDT 2026] Starting backup → /home/jb/DSAT_REDUX_MD/backups/dsat_dev_20260827_060001.dump
Error response from daemon: can only create exec sessions on running containers: container state improper
[Thu Aug 27 08:00:01 PDT 2026] Starting backup → /home/jb/DSAT_REDUX_MD/backups/dsat_dev_20260827_080001.dump
Error response from daemon: can only create exec sessions on running containers: container state improper
[Thu Aug 27 10:00:01 PDT 2026] Starting backup → /home/jb/DSAT_REDUX_MD/backups/dsat_dev_20260827_100001.dump
Error response from daemon: can only create exec sessions on running containers: container state improper
[Thu Aug 27 12:00:01 PDT 2026] Starting backup → /home/jb/DSAT_REDUX_MD/backups/dsat_dev_20260827_120001.dump
Error response from daemon: can only create exec sessions on running containers: container state improper
[Thu Aug 27 14:00:01 PDT 2026] Starting backup → /home/jb/DSAT_REDUX_MD/backups/dsat_dev_20260827_140001.dump
Error response from daemon: can only create exec sessions on running containers: container state improper
[Thu Aug 27 16:00:01 PDT 2026] Starting backup → /home/jb/DSAT_REDUX_MD/backups/dsat_dev_20260827_160001.dump
Error response from daemon: can only create exec sessions on running containers: container state improper
[Thu Aug 27 18:00:01 PDT 2026] Starting backup → /home/jb/DSAT_REDUX_MD/backups/dsat_dev_20260827_180001.dump
Error response from daemon: can only create exec sessions on running containers: container state improper
[Thu Aug 27 20:00:02 PDT 2026] Starting backup → /home/jb/DSAT_REDUX_MD/backups/dsat_dev_20260827_200002.dump
Error response from daemon: can only create exec sessions on running containers: container state improper
[Thu Aug 27 22:00:01 PDT 2026] Starting backup → /home/jb/DSAT_REDUX_MD/backups/dsat_dev_20260827_220001.dump
Error response from daemon: can only create exec sessions on running containers: container state improper
[Fri Aug 28 00:00:01 PDT 2026] Starting backup → /home/jb/DSAT_REDUX_MD/backups/dsat_dev_20260828_000001.dump
Error response from daemon: can only create exec sessions on running containers: container state improper
[Fri Aug 28 02:00:01 PDT 2026] Starting backup → /home/jb/DSAT_REDUX_MD/backups/dsat_dev_20260828_020001.dump
Error response from daemon: can only create exec sessions on running containers: container state improper
[Fri Aug 28 04:00:01 PDT 2026] Starting backup → /home/jb/DSAT_REDUX_MD/backups/dsat_dev_20260828_040001.dump
Error response from daemon: can only create exec sessions on running containers: container state improper
[Fri Aug 28 06:00:02 PDT 2026] Starting backup → /home/jb/DSAT_REDUX_MD/backups/dsat_dev_20260828_060002.dump
Error response from daemon: can only create exec sessions on running containers: container state improper
[Fri Aug 28 08:00:01 PDT 2026] Starting backup → /home/jb/DSAT_REDUX_MD/backups/dsat_dev_20260828_080001.dump
Error response from daemon: can only create exec sessions on running containers: container state improper
[Fri Aug 28 10:00:01 PDT 2026] Starting backup → /home/jb/DSAT_REDUX_MD/backups/dsat_dev_20260828_100001.dump
Error response from daemon: can only create exec sessions on running containers: container state improper
[Fri Aug 28 12:00:01 PDT 2026] Starting backup → /home/jb/DSAT_REDUX_MD/backups/dsat_dev_20260828_120001.dump
Error response from daemon: can only create exec sessions on running containers: container state improper
[Fri Aug 28 14:00:01 PDT 2026] Starting backup → /home/jb/DSAT_REDUX_MD/backups/dsat_dev_20260828_140001.dump
Error response from daemon: can only create exec sessions on running containers: container state improper
[Fri Aug 28 16:00:01 PDT 2026] Starting backup → /home/jb/DSAT_REDUX_MD/backups/dsat_dev_20260828_160001.dump
Error response from daemon: can only create exec sessions on running containers: container state improper
[Fri Aug 28 18:00:01 PDT 2026] Starting backup → /home/jb/DSAT_REDUX_MD/backups/dsat_dev_20260828_180001.dump
Error response from daemon: can only create exec sessions on running containers: container state improper
[Fri Aug 28 20:00:01 PDT 2026] Starting backup → /home/jb/DSAT_REDUX_MD/backups/dsat_dev_20260828_200001.dump
Error response from daemon: can only create exec sessions on running containers: container state improper
[Fri Aug 28 22:00:01 PDT 2026] Starting backup → /home/jb/DSAT_REDUX_MD/backups/dsat_dev_20260828_220001.dump
Error response from daemon: can only create exec sessions on running containers: container state improper
[Sat Aug 29 00:00:01 PDT 2026] Starting backup → /home/jb/DSAT_REDUX_MD/backups/dsat_dev_20260829_000001.dump
Error response from daemon: can only create exec sessions on running containers: container state improper
[Sat Aug 29 02:00:01 PDT 2026] Starting backup → /home/jb/DSAT_REDUX_MD/backups/dsat_dev_20260829_020001.dump
Error response from daemon: can only create exec sessions on running containers: container state improper
[Sat Aug 29 04:00:01 PDT 2026] Starting backup → /home/jb/DSAT_REDUX_MD/backups/dsat_dev_20260829_040001.dump
Error response from daemon: can only create exec sessions on running containers: container state improper
[Sat Aug 29 06:00:01 PDT 2026] Starting backup → /home/jb/DSAT_REDUX_MD/backups/dsat_dev_20260829_060001.dump
Error response from daemon: can only create exec sessions on running containers: container state improper
[Sat Aug 29 08:00:01 PDT 2026] Starting backup → /home/jb/DSAT_REDUX_MD/backups/dsat_dev_20260829_080001.dump
Error response from daemon: can only create exec sessions on running containers: container state improper
[Sat Aug 29 10:00:01 PDT 2026] Starting backup → /home/jb/DSAT_REDUX_MD/backups/dsat_dev_20260829_100001.dump
Error response from daemon: can only create exec sessions on running containers: container state improper
[Sat Aug 29 12:00:01 PDT 2026] Starting backup → /home/jb/DSAT_REDUX_MD/backups/dsat_dev_20260829_120001.dump
Error response from daemon: can only create exec sessions on running containers: container state improper
[Sat Aug 29 14:00:02 PDT 2026] Starting backup → /home/jb/DSAT_REDUX_MD/backups/dsat_dev_20260829_140001.dump
Error response from daemon: can only create exec sessions on running containers: container state improper
[Sat Aug 29 16:00:01 PDT 2026] Starting backup → /home/jb/DSAT_REDUX_MD/backups/dsat_dev_20260829_160001.dump
Error response from daemon: can only create exec sessions on running containers: container state improper
[Sat Aug 29 18:00:01 PDT 2026] Starting backup → /home/jb/DSAT_REDUX_MD/backups/dsat_dev_20260829_180001.dump
Error response from daemon: can only create exec sessions on running containers: container state improper
[Sat Aug 29 20:00:01 PDT 2026] Starting backup → /home/jb/DSAT_REDUX_MD/backups/dsat_dev_20260829_200001.dump
Error response from daemon: can only create exec sessions on running containers: container state improper
[Sat Aug 29 22:00:01 PDT 2026] Starting backup → /home/jb/DSAT_REDUX_MD/backups/dsat_dev_20260829_220001.dump
Error response from daemon: can only create exec sessions on running containers: container state improper
[Sun Aug 30 00:00:01 PDT 2026] Starting backup → /home/jb/DSAT_REDUX_MD/backups/dsat_dev_20260830_000001.dump
Error response from daemon: can only create exec sessions on running containers: container state improper
[Sun Aug 30 02:00:01 PDT 2026] Starting backup → /home/jb/DSAT_REDUX_MD/backups/dsat_dev_20260830_020001.dump
Error response from daemon: can only create exec sessions on running containers: container state improper
[Sun Aug 30 04:00:01 PDT 2026] Starting backup → /home/jb/DSAT_REDUX_MD/backups/dsat_dev_20260830_040001.dump
Error response from daemon: can only create exec sessions on running containers: container state improper
[Sun Aug 30 06:00:01 PDT 2026] Starting backup → /home/jb/DSAT_REDUX_MD/backups/dsat_dev_20260830_060001.dump
Error response from daemon: can only create exec sessions on running containers: container state improper
[Sun Aug 30 08:00:01 PDT 2026] Starting backup → /home/jb/DSAT_REDUX_MD/backups/dsat_dev_20260830_080001.dump
Error response from daemon: can only create exec sessions on running containers: container state improper
[Sun Aug 30 10:00:01 PDT 2026] Starting backup → /home/jb/DSAT_REDUX_MD/backups/dsat_dev_20260830_100001.dump
Error response from daemon: can only create exec sessions on running containers: container state improper
[Sun Aug 30 12:00:01 PDT 2026] Starting backup → /home/jb/DSAT_REDUX_MD/backups/dsat_dev_20260830_120001.dump
Error response from daemon: can only create exec sessions on running containers: container state improper
[Sun Aug 30 14:00:01 PDT 2026] Starting backup → /home/jb/DSAT_REDUX_MD/backups/dsat_dev_20260830_140001.dump
Error response from daemon: can only create exec sessions on running containers: container state improper
[Sun Aug 30 16:00:01 PDT 2026] Starting backup → /home/jb/DSAT_REDUX_MD/backups/dsat_dev_20260830_160001.dump
Error response from daemon: can only create exec sessions on running containers: container state improper
[Sun Aug 30 18:00:01 PDT 2026] Starting backup → /home/jb/DSAT_REDUX_MD/backups/dsat_dev_20260830_180001.dump
Error response from daemon: can only create exec sessions on running containers: container state improper
[Sun Aug 30 20:00:01 PDT 2026] Starting backup → /home/jb/DSAT_REDUX_MD/backups/dsat_dev_20260830_200001.dump
Error response from daemon: can only create exec sessions on running containers: container state improper
[Sun Aug 30 22:00:01 PDT 2026] Starting backup → /home/jb/DSAT_REDUX_MD/backups/dsat_dev_20260830_220001.dump
Error response from daemon: can only create exec sessions on running containers: container state improper
[Mon Aug 31 00:00:01 PDT 2026] Starting backup → /home/jb/DSAT_REDUX_MD/backups/dsat_dev_20260831_000001.dump
Error response from daemon: can only create exec sessions on running containers: container state improper
[Mon Aug 31 02:00:01 PDT 2026] Starting backup → /home/jb/DSAT_REDUX_MD/backups/dsat_dev_20260831_020001.dump
Error response from daemon: can only create exec sessions on running containers: container state improper
[Mon Aug 31 04:00:01 PDT 2026] Starting backup → /home/jb/DSAT_REDUX_MD/backups/dsat_dev_20260831_040001.dump
Error response from daemon: can only create exec sessions on running containers: container state improper
[Mon Aug 31 06:00:01 PDT 2026] Starting backup → /home/jb/DSAT_REDUX_MD/backups/dsat_dev_20260831_060001.dump
Error response from daemon: can only create exec sessions on running containers: container state improper
[Mon Aug 31 08:00:01 PDT 2026] Starting backup → /home/jb/DSAT_REDUX_MD/backups/dsat_dev_20260831_080001.dump
Error response from daemon: can only create exec sessions on running containers: container state improper
[Mon Aug 31 10:00:01 PDT 2026] Starting backup → /home/jb/DSAT_REDUX_MD/backups/dsat_dev_20260831_100001.dump
Error response from daemon: can only create exec sessions on running containers: container state improper
[Mon Aug 31 12:00:01 PDT 2026] Starting backup → /home/jb/DSAT_REDUX_MD/backups/dsat_dev_20260831_120001.dump
Error response from daemon: can only create exec sessions on running containers: container state improper
[Mon Aug 31 14:00:01 PDT 2026] Starting backup → /home/jb/DSAT_REDUX_MD/backups/dsat_dev_20260831_140001.dump
Error response from daemon: can only create exec sessions on running containers: container state improper
[Mon Aug 31 16:00:01 PDT 2026] Starting backup → /home/jb/DSAT_REDUX_MD/backups/dsat_dev_20260831_160001.dump
Error response from daemon: can only create exec sessions on running containers: container state improper
[Mon Aug 31 18:00:01 PDT 2026] Starting backup → /home/jb/DSAT_REDUX_MD/backups/dsat_dev_20260831_180001.dump
Error response from daemon: can only create exec sessions on running containers: container state improper
[Mon Aug 31 20:00:01 PDT 2026] Starting backup → /home/jb/DSAT_REDUX_MD/backups/dsat_dev_20260831_200001.dump
Error response from daemon: can only create exec sessions on running containers: container state improper
[Mon Aug 31 22:00:01 PDT 2026] Starting backup → /home/jb/DSAT_REDUX_MD/backups/dsat_dev_20260831_220001.dump
Error response from daemon: can only create exec sessions on running containers: container state improper
[Tue Sep  1 00:00:01 PDT 2026] Starting backup → /home/jb/DSAT_REDUX_MD/backups/dsat_dev_20260901_000001.dump
Error response from daemon: can only create exec sessions on running containers: container state improper
[Tue Sep  1 02:00:02 PDT 2026] Starting backup → /home/jb/DSAT_REDUX_MD/backups/dsat_dev_20260901_020002.dump
Error response from daemon: can only create exec sessions on running containers: container state improper
[Tue Sep  1 04:00:01 PDT 2026] Starting backup → /home/jb/DSAT_REDUX_MD/backups/dsat_dev_20260901_040001.dump
Error response from daemon: can only create exec sessions on running containers: container state improper
[Tue Sep  1 06:00:01 PDT 2026] Starting backup → /home/jb/DSAT_REDUX_MD/backups/dsat_dev_20260901_060001.dump
Error response from daemon: can only create exec sessions on running containers: container state improper
[Tue Sep  1 08:00:01 PDT 2026] Starting backup → /home/jb/DSAT_REDUX_MD/backups/dsat_dev_20260901_080001.dump
Error response from daemon: can only create exec sessions on running containers: container state improper
[Tue Sep  1 10:00:01 PDT 2026] Starting backup → /home/jb/DSAT_REDUX_MD/backups/dsat_dev_20260901_100001.dump
Error response from daemon: can only create exec sessions on running containers: container state improper
[Tue Sep  1 12:00:01 PDT 2026] Starting backup → /home/jb/DSAT_REDUX_MD/backups/dsat_dev_20260901_120001.dump
Error response from daemon: can only create exec sessions on running containers: container state improper
[Tue Sep  1 14:00:01 PDT 2026] Starting backup → /home/jb/DSAT_REDUX_MD/backups/dsat_dev_20260901_140001.dump
Error response from daemon: can only create exec sessions on running containers: container state improper
[Tue Sep  1 16:00:01 PDT 2026] Starting backup → /home/jb/DSAT_REDUX_MD/backups/dsat_dev_20260901_160001.dump
Error response from daemon: can only create exec sessions on running containers: container state improper
[Tue Sep  1 18:00:01 PDT 2026] Starting backup → /home/jb/DSAT_REDUX_MD/backups/dsat_dev_20260901_180001.dump
Error response from daemon: can only create exec sessions on running containers: container state improper
[Tue Sep  1 20:00:01 PDT 2026] Starting backup → /home/jb/DSAT_REDUX_MD/backups/dsat_dev_20260901_200001.dump
Error response from daemon: can only create exec sessions on running containers: container state improper
[Tue Sep  1 22:00:01 PDT 2026] Starting backup → /home/jb/DSAT_REDUX_MD/backups/dsat_dev_20260901_220001.dump
Error response from daemon: can only create exec sessions on running containers: container state improper
[Wed Sep  2 00:00:01 PDT 2026] Starting backup → /home/jb/DSAT_REDUX_MD/backups/dsat_dev_20260902_000001.dump
Error response from daemon: can only create exec sessions on running containers: container state improper
[Wed Sep  2 02:00:01 PDT 2026] Starting backup → /home/jb/DSAT_REDUX_MD/backups/dsat_dev_20260902_020001.dump
Error response from daemon: can only create exec sessions on running containers: container state improper
[Wed Sep  2 04:00:01 PDT 2026] Starting backup → /home/jb/DSAT_REDUX_MD/backups/dsat_dev_20260902_040001.dump
Error response from daemon: can only create exec sessions on running containers: container state improper
[Wed Sep  2 06:00:01 PDT 2026] Starting backup → /home/jb/DSAT_REDUX_MD/backups/dsat_dev_20260902_060001.dump
Error response from daemon: can only create exec sessions on running containers: container state improper
[Wed Sep  2 08:00:01 PDT 2026] Starting backup → /home/jb/DSAT_REDUX_MD/backups/dsat_dev_20260902_080001.dump
Error response from daemon: can only create exec sessions on running containers: container state improper
[Wed Sep  2 10:00:01 PDT 2026] Starting backup → /home/jb/DSAT_REDUX_MD/backups/dsat_dev_20260902_100001.dump
Error response from daemon: can only create exec sessions on running containers: container state improper
[Wed Sep  2 12:00:01 PDT 2026] Starting backup → /home/jb/DSAT_REDUX_MD/backups/dsat_dev_20260902_120001.dump
Error response from daemon: can only create exec sessions on running containers: container state improper
[Wed Sep  2 14:00:01 PDT 2026] Starting backup → /home/jb/DSAT_REDUX_MD/backups/dsat_dev_20260902_140001.dump
Error response from daemon: can only create exec sessions on running containers: container state improper
[Wed Sep  2 16:00:01 PDT 2026] Starting backup → /home/jb/DSAT_REDUX_MD/backups/dsat_dev_20260902_160001.dump
Error response from daemon: can only create exec sessions on running containers: container state improper
[Wed Sep  2 18:00:01 PDT 2026] Starting backup → /home/jb/DSAT_REDUX_MD/backups/dsat_dev_20260902_180001.dump
Error response from daemon: can only create exec sessions on running containers: container state improper
[Wed Sep  2 22:00:01 PDT 2026] Starting backup → /home/jb/DSAT_REDUX_MD/backups/dsat_dev_20260902_220001.dump
Error response from daemon: can only create exec sessions on running containers: container state improper
[Thu Sep  3 00:00:01 PDT 2026] Starting backup → /home/jb/DSAT_REDUX_MD/backups/dsat_dev_20260903_000001.dump
Error response from daemon: can only create exec sessions on running containers: container state improper
[Thu Sep  3 02:00:01 PDT 2026] Starting backup → /home/jb/DSAT_REDUX_MD/backups/dsat_dev_20260903_020001.dump
Error response from daemon: can only create exec sessions on running containers: container state improper
[Thu Sep  3 04:00:01 PDT 2026] Starting backup → /home/jb/DSAT_REDUX_MD/backups/dsat_dev_20260903_040001.dump
Error response from daemon: can only create exec sessions on running containers: container state improper
[Thu Sep  3 06:00:01 PDT 2026] Starting backup → /home/jb/DSAT_REDUX_MD/backups/dsat_dev_20260903_060001.dump
Error response from daemon: can only create exec sessions on running containers: container state improper
[Thu Sep  3 08:00:01 PDT 2026] Starting backup → /home/jb/DSAT_REDUX_MD/backups/dsat_dev_20260903_080001.dump
Error response from daemon: can only create exec sessions on running containers: container state improper
[Thu Sep  3 10:00:01 PDT 2026] Starting backup → /home/jb/DSAT_REDUX_MD/backups/dsat_dev_20260903_100001.dump
Error response from daemon: can only create exec sessions on running containers: container state improper
[Thu Sep  3 12:00:01 PDT 2026] Starting backup → /home/jb/DSAT_REDUX_MD/backups/dsat_dev_20260903_120001.dump
Error response from daemon: can only create exec sessions on running containers: container state improper
[Thu Sep  3 14:00:01 PDT 2026] Starting backup → /home/jb/DSAT_REDUX_MD/backups/dsat_dev_20260903_140001.dump
Error response from daemon: can only create exec sessions on running containers: container state improper
[Thu Sep  3 16:00:01 PDT 2026] Starting backup → /home/jb/DSAT_REDUX_MD/backups/dsat_dev_20260903_160001.dump
Error response from daemon: can only create exec sessions on running containers: container state improper
[Thu Sep  3 18:00:01 PDT 2026] Starting backup → /home/jb/DSAT_REDUX_MD/backups/dsat_dev_20260903_180001.dump
Error response from daemon: can only create exec sessions on running containers: container state improper
[Thu Sep  3 20:00:01 PDT 2026] Starting backup → /home/jb/DSAT_REDUX_MD/backups/dsat_dev_20260903_200001.dump
Error response from daemon: can only create exec sessions on running containers: container state improper
[Thu Sep  3 22:00:01 PDT 2026] Starting backup → /home/jb/DSAT_REDUX_MD/backups/dsat_dev_20260903_220001.dump
Error response from daemon: can only create exec sessions on running containers: container state improper
[Fri Sep  4 00:00:01 PDT 2026] Starting backup → /home/jb/DSAT_REDUX_MD/backups/dsat_dev_20260904_000001.dump
Error response from daemon: can only create exec sessions on running containers: container state improper
[Fri Sep  4 02:00:01 PDT 2026] Starting backup → /home/jb/DSAT_REDUX_MD/backups/dsat_dev_20260904_020001.dump
Error response from daemon: can only create exec sessions on running containers: container state improper
[Fri Sep  4 04:00:01 PDT 2026] Starting backup → /home/jb/DSAT_REDUX_MD/backups/dsat_dev_20260904_040001.dump
Error response from daemon: can only create exec sessions on running containers: container state improper
[Fri Sep  4 06:00:01 PDT 2026] Starting backup → /home/jb/DSAT_REDUX_MD/backups/dsat_dev_20260904_060001.dump
Error response from daemon: can only create exec sessions on running containers: container state improper
[Fri Sep  4 08:00:01 PDT 2026] Starting backup → /home/jb/DSAT_REDUX_MD/backups/dsat_dev_20260904_080001.dump
Error response from daemon: can only create exec sessions on running containers: container state improper
[Fri Sep  4 10:00:01 PDT 2026] Starting backup → /home/jb/DSAT_REDUX_MD/backups/dsat_dev_20260904_100001.dump
Error response from daemon: can only create exec sessions on running containers: container state improper
[Fri Sep  4 12:00:01 PDT 2026] Starting backup → /home/jb/DSAT_REDUX_MD/backups/dsat_dev_20260904_120001.dump
Error response from daemon: can only create exec sessions on running containers: container state improper
[Fri Sep  4 14:00:01 PDT 2026] Starting backup → /home/jb/DSAT_REDUX_MD/backups/dsat_dev_20260904_140001.dump
Error response from daemon: can only create exec sessions on running containers: container state improper
[Fri Sep  4 16:00:01 PDT 2026] Starting backup → /home/jb/DSAT_REDUX_MD/backups/dsat_dev_20260904_160001.dump
Error response from daemon: can only create exec sessions on running containers: container state improper
[Fri Sep  4 18:00:01 PDT 2026] Starting backup → /home/jb/DSAT_REDUX_MD/backups/dsat_dev_20260904_180001.dump
Error response from daemon: can only create exec sessions on running containers: container state improper
[Fri Sep  4 20:00:01 PDT 2026] Starting backup → /home/jb/DSAT_REDUX_MD/backups/dsat_dev_20260904_200001.dump
[Fri Sep  4 20:00:02 PDT 2026] Backup complete: /home/jb/DSAT_REDUX_MD/backups/dsat_dev_20260904_200001.dump (5.7M)
[Fri Sep  4 20:00:02 PDT 2026] Pruning old backup: /home/jb/DSAT_REDUX_MD/backups/dsat_dev_20260904_080001.dump
[Fri Sep  4 20:00:02 PDT 2026] Pruning old backup: /home/jb/DSAT_REDUX_MD/backups/dsat_dev_20260904_060001.dump
[Fri Sep  4 20:00:02 PDT 2026] Pruning old backup: /home/jb/DSAT_REDUX_MD/backups/dsat_dev_20260904_040001.dump
[Fri Sep  4 20:00:02 PDT 2026] Pruning old backup: /home/jb/DSAT_REDUX_MD/backups/dsat_dev_20260904_020001.dump
[Fri Sep  4 20:00:02 PDT 2026] Pruning old backup: /home/jb/DSAT_REDUX_MD/backups/dsat_dev_20260904_000001.dump
[Fri Sep  4 20:00:02 PDT 2026] Pruning old backup: /home/jb/DSAT_REDUX_MD/backups/dsat_dev_20260903_220001.dump
[Fri Sep  4 20:00:02 PDT 2026] Pruning old backup: /home/jb/DSAT_REDUX_MD/backups/dsat_dev_20260903_200001.dump
[Fri Sep  4 20:00:02 PDT 2026] Pruning old backup: /home/jb/DSAT_REDUX_MD/backups/dsat_dev_20260903_180001.dump
[Fri Sep  4 20:00:02 PDT 2026] Pruning old backup: /home/jb/DSAT_REDUX_MD/backups/dsat_dev_20260903_160001.dump
[Fri Sep  4 20:00:02 PDT 2026] Pruning old backup: /home/jb/DSAT_REDUX_MD/backups/dsat_dev_20260903_140001.dump
[Fri Sep  4 20:00:02 PDT 2026] Pruning old backup: /home/jb/DSAT_REDUX_MD/backups/dsat_dev_20260903_120001.dump
[Fri Sep  4 20:00:02 PDT 2026] Pruning old backup: /home/jb/DSAT_REDUX_MD/backups/dsat_dev_20260903_100001.dump
[Fri Sep  4 20:00:02 PDT 2026] Pruning old backup: /home/jb/DSAT_REDUX_MD/backups/dsat_dev_20260903_080001.dump
[Fri Sep  4 20:00:02 PDT 2026] Pruning old backup: /home/jb/DSAT_REDUX_MD/backups/dsat_dev_20260903_060001.dump
[Fri Sep  4 20:00:02 PDT 2026] Pruning old backup: /home/jb/DSAT_REDUX_MD/backups/dsat_dev_20260903_040001.dump
[Fri Sep  4 20:00:02 PDT 2026] Pruning old backup: /home/jb/DSAT_REDUX_MD/backups/dsat_dev_20260903_020001.dump
[Fri Sep  4 20:00:02 PDT 2026] Pruning old backup: /home/jb/DSAT_REDUX_MD/backups/dsat_dev_20260903_000001.dump
[Fri Sep  4 20:00:02 PDT 2026] Pruning old backup: /home/jb/DSAT_REDUX_MD/backups/dsat_dev_20260902_220001.dump
[Fri Sep  4 20:00:02 PDT 2026] Pruning old backup: /home/jb/DSAT_REDUX_MD/backups/dsat_dev_20260902_180001.dump
[Fri Sep  4 20:00:02 PDT 2026] Pruning old backup: /home/jb/DSAT_REDUX_MD/backups/dsat_dev_20260902_160001.dump
[Fri Sep  4 20:00:02 PDT 2026] Pruning old backup: /home/jb/DSAT_REDUX_MD/backups/dsat_dev_20260902_140001.dump
[Fri Sep  4 20:00:02 PDT 2026] Pruning old backup: /home/jb/DSAT_REDUX_MD/backups/dsat_dev_20260902_120001.dump
[Fri Sep  4 20:00:02 PDT 2026] Pruning old backup: /home/jb/DSAT_REDUX_MD/backups/dsat_dev_20260902_100001.dump
[Fri Sep  4 20:00:02 PDT 2026] Pruning old backup: /home/jb/DSAT_REDUX_MD/backups/dsat_dev_20260902_080001.dump
[Fri Sep  4 20:00:02 PDT 2026] Pruning old backup: /home/jb/DSAT_REDUX_MD/backups/dsat_dev_20260902_060001.dump
[Fri Sep  4 20:00:02 PDT 2026] Pruning old backup: /home/jb/DSAT_REDUX_MD/backups/dsat_dev_20260902_040001.dump
[Fri Sep  4 20:00:02 PDT 2026] Pruning old backup: /home/jb/DSAT_REDUX_MD/backups/dsat_dev_20260902_020001.dump
[Fri Sep  4 20:00:02 PDT 2026] Pruning old backup: /home/jb/DSAT_REDUX_MD/backups/dsat_dev_20260902_000001.dump
[Fri Sep  4 20:00:02 PDT 2026] Pruning old backup: /home/jb/DSAT_REDUX_MD/backups/dsat_dev_20260901_220001.dump
[Fri Sep  4 20:00:02 PDT 2026] Pruning old backup: /home/jb/DSAT_REDUX_MD/backups/dsat_dev_20260901_200001.dump
[Fri Sep  4 20:00:02 PDT 2026] Pruning old backup: /home/jb/DSAT_REDUX_MD/backups/dsat_dev_20260901_180001.dump
[Fri Sep  4 20:00:02 PDT 2026] Pruning old backup: /home/jb/DSAT_REDUX_MD/backups/dsat_dev_20260901_160001.dump
[Fri Sep  4 20:00:02 PDT 2026] Pruning old backup: /home/jb/DSAT_REDUX_MD/backups/dsat_dev_20260901_140001.dump
[Fri Sep  4 20:00:02 PDT 2026] Pruning old backup: /home/jb/DSAT_REDUX_MD/backups/dsat_dev_20260901_120001.dump
[Fri Sep  4 20:00:02 PDT 2026] Pruning old backup: /home/jb/DSAT_REDUX_MD/backups/dsat_dev_20260901_100001.dump
[Fri Sep  4 20:00:02 PDT 2026] Pruning old backup: /home/jb/DSAT_REDUX_MD/backups/dsat_dev_20260901_080001.dump
[Fri Sep  4 20:00:02 PDT 2026] Pruning old backup: /home/jb/DSAT_REDUX_MD/backups/dsat_dev_20260901_060001.dump
[Fri Sep  4 20:00:02 PDT 2026] Pruning old backup: /home/jb/DSAT_REDUX_MD/backups/dsat_dev_20260901_040001.dump
[Fri Sep  4 20:00:02 PDT 2026] Pruning old backup: /home/jb/DSAT_REDUX_MD/backups/dsat_dev_20260901_020002.dump
[Fri Sep  4 20:00:02 PDT 2026] Pruning old backup: /home/jb/DSAT_REDUX_MD/backups/dsat_dev_20260901_000001.dump
[Fri Sep  4 20:00:02 PDT 2026] Pruning old backup: /home/jb/DSAT_REDUX_MD/backups/dsat_dev_20260831_220001.dump
[Fri Sep  4 20:00:02 PDT 2026] Pruning old backup: /home/jb/DSAT_REDUX_MD/backups/dsat_dev_20260831_200001.dump
[Fri Sep  4 20:00:02 PDT 2026] Pruning old backup: /home/jb/DSAT_REDUX_MD/backups/dsat_dev_20260831_180001.dump
[Fri Sep  4 20:00:02 PDT 2026] Pruning old backup: /home/jb/DSAT_REDUX_MD/backups/dsat_dev_20260831_160001.dump
[Fri Sep  4 20:00:02 PDT 2026] Pruning old backup: /home/jb/DSAT_REDUX_MD/backups/dsat_dev_20260831_140001.dump
[Fri Sep  4 20:00:02 PDT 2026] Pruning old backup: /home/jb/DSAT_REDUX_MD/backups/dsat_dev_20260831_120001.dump
[Fri Sep  4 20:00:02 PDT 2026] Pruning old backup: /home/jb/DSAT_REDUX_MD/backups/dsat_dev_20260831_100001.dump
[Fri Sep  4 20:00:02 PDT 2026] Pruning old backup: /home/jb/DSAT_REDUX_MD/backups/dsat_dev_20260831_080001.dump
[Fri Sep  4 20:00:02 PDT 2026] Pruning old backup: /home/jb/DSAT_REDUX_MD/backups/dsat_dev_20260831_060001.dump
[Fri Sep  4 20:00:02 PDT 2026] Pruning old backup: /home/jb/DSAT_REDUX_MD/backups/dsat_dev_20260831_040001.dump
[Fri Sep  4 20:00:02 PDT 2026] Pruning old backup: /home/jb/DSAT_REDUX_MD/backups/dsat_dev_20260831_020001.dump
[Fri Sep  4 20:00:02 PDT 2026] Pruning old backup: /home/jb/DSAT_REDUX_MD/backups/dsat_dev_20260831_000001.dump
[Fri Sep  4 20:00:02 PDT 2026] Pruning old backup: /home/jb/DSAT_REDUX_MD/backups/dsat_dev_20260830_220001.dump
[Fri Sep  4 20:00:03 PDT 2026] Pruning old backup: /home/jb/DSAT_REDUX_MD/backups/dsat_dev_20260830_200001.dump
[Fri Sep  4 20:00:03 PDT 2026] Pruning old backup: /home/jb/DSAT_REDUX_MD/backups/dsat_dev_20260830_180001.dump
[Fri Sep  4 20:00:03 PDT 2026] Pruning old backup: /home/jb/DSAT_REDUX_MD/backups/dsat_dev_20260830_160001.dump
[Fri Sep  4 20:00:03 PDT 2026] Pruning old backup: /home/jb/DSAT_REDUX_MD/backups/dsat_dev_20260830_140001.dump
[Fri Sep  4 20:00:03 PDT 2026] Pruning old backup: /home/jb/DSAT_REDUX_MD/backups/dsat_dev_20260830_120001.dump
[Fri Sep  4 20:00:03 PDT 2026] Pruning old backup: /home/jb/DSAT_REDUX_MD/backups/dsat_dev_20260830_100001.dump
[Fri Sep  4 20:00:03 PDT 2026] Pruning old backup: /home/jb/DSAT_REDUX_MD/backups/dsat_dev_20260830_080001.dump
[Fri Sep  4 20:00:03 PDT 2026] Pruning old backup: /home/jb/DSAT_REDUX_MD/backups/dsat_dev_20260830_060001.dump
[Fri Sep  4 20:00:03 PDT 2026] Pruning old backup: /home/jb/DSAT_REDUX_MD/backups/dsat_dev_20260830_040001.dump
[Fri Sep  4 20:00:03 PDT 2026] Pruning old backup: /home/jb/DSAT_REDUX_MD/backups/dsat_dev_20260830_020001.dump
[Fri Sep  4 20:00:03 PDT 2026] Pruning old backup: /home/jb/DSAT_REDUX_MD/backups/dsat_dev_20260830_000001.dump
[Fri Sep  4 20:00:03 PDT 2026] Pruning old backup: /home/jb/DSAT_REDUX_MD/backups/dsat_dev_20260829_220001.dump
[Fri Sep  4 20:00:03 PDT 2026] Pruning old backup: /home/jb/DSAT_REDUX_MD/backups/dsat_dev_20260829_200001.dump
[Fri Sep  4 20:00:03 PDT 2026] Pruning old backup: /home/jb/DSAT_REDUX_MD/backups/dsat_dev_20260829_180001.dump
[Fri Sep  4 20:00:03 PDT 2026] Pruning old backup: /home/jb/DSAT_REDUX_MD/backups/dsat_dev_20260829_160001.dump
[Fri Sep  4 20:00:03 PDT 2026] Pruning old backup: /home/jb/DSAT_REDUX_MD/backups/dsat_dev_20260829_140001.dump
[Fri Sep  4 20:00:03 PDT 2026] Pruning old backup: /home/jb/DSAT_REDUX_MD/backups/dsat_dev_20260829_120001.dump
[Fri Sep  4 20:00:03 PDT 2026] Pruning old backup: /home/jb/DSAT_REDUX_MD/backups/dsat_dev_20260829_100001.dump
[Fri Sep  4 20:00:03 PDT 2026] Pruning old backup: /home/jb/DSAT_REDUX_MD/backups/dsat_dev_20260829_080001.dump
[Fri Sep  4 20:00:03 PDT 2026] Pruning old backup: /home/jb/DSAT_REDUX_MD/backups/dsat_dev_20260829_060001.dump
[Fri Sep  4 20:00:03 PDT 2026] Pruning old backup: /home/jb/DSAT_REDUX_MD/backups/dsat_dev_20260829_040001.dump
[Fri Sep  4 20:00:03 PDT 2026] Pruning old backup: /home/jb/DSAT_REDUX_MD/backups/dsat_dev_20260829_020001.dump
[Fri Sep  4 20:00:03 PDT 2026] Pruning old backup: /home/jb/DSAT_REDUX_MD/backups/dsat_dev_20260829_000001.dump
[Fri Sep  4 20:00:03 PDT 2026] Pruning old backup: /home/jb/DSAT_REDUX_MD/backups/dsat_dev_20260828_220001.dump
[Fri Sep  4 20:00:03 PDT 2026] Pruning old backup: /home/jb/DSAT_REDUX_MD/backups/dsat_dev_20260828_200001.dump
[Fri Sep  4 20:00:03 PDT 2026] Pruning old backup: /home/jb/DSAT_REDUX_MD/backups/dsat_dev_20260828_180001.dump
[Fri Sep  4 20:00:03 PDT 2026] Pruning old backup: /home/jb/DSAT_REDUX_MD/backups/dsat_dev_20260828_160001.dump
[Fri Sep  4 20:00:03 PDT 2026] Pruning old backup: /home/jb/DSAT_REDUX_MD/backups/dsat_dev_20260828_140001.dump
[Fri Sep  4 20:00:03 PDT 2026] Pruning old backup: /home/jb/DSAT_REDUX_MD/backups/dsat_dev_20260828_120001.dump
[Fri Sep  4 20:00:03 PDT 2026] Pruning old backup: /home/jb/DSAT_REDUX_MD/backups/dsat_dev_20260828_100001.dump
[Fri Sep  4 20:00:03 PDT 2026] Pruning old backup: /home/jb/DSAT_REDUX_MD/backups/dsat_dev_20260828_080001.dump
[Fri Sep  4 20:00:03 PDT 2026] Pruning old backup: /home/jb/DSAT_REDUX_MD/backups/dsat_dev_20260828_060002.dump
[Fri Sep  4 20:00:03 PDT 2026] Pruning old backup: /home/jb/DSAT_REDUX_MD/backups/dsat_dev_20260828_040001.dump
[Fri Sep  4 20:00:03 PDT 2026] Pruning old backup: /home/jb/DSAT_REDUX_MD/backups/dsat_dev_20260828_020001.dump
[Fri Sep  4 20:00:03 PDT 2026] Pruning old backup: /home/jb/DSAT_REDUX_MD/backups/dsat_dev_20260828_000001.dump
[Fri Sep  4 20:00:03 PDT 2026] Pruning old backup: /home/jb/DSAT_REDUX_MD/backups/dsat_dev_20260827_220001.dump
[Fri Sep  4 20:00:03 PDT 2026] Pruning old backup: /home/jb/DSAT_REDUX_MD/backups/dsat_dev_20260827_200002.dump
[Fri Sep  4 20:00:03 PDT 2026] Pruning old backup: /home/jb/DSAT_REDUX_MD/backups/dsat_dev_20260827_180001.dump
[Fri Sep  4 20:00:03 PDT 2026] Pruning old backup: /home/jb/DSAT_REDUX_MD/backups/dsat_dev_20260827_160001.dump
[Fri Sep  4 20:00:03 PDT 2026] Pruning old backup: /home/jb/DSAT_REDUX_MD/backups/dsat_dev_20260827_140001.dump
[Fri Sep  4 20:00:03 PDT 2026] Pruning old backup: /home/jb/DSAT_REDUX_MD/backups/dsat_dev_20260827_120001.dump
[Fri Sep  4 20:00:03 PDT 2026] Pruning old backup: /home/jb/DSAT_REDUX_MD/backups/dsat_dev_20260827_100001.dump
[Fri Sep  4 20:00:03 PDT 2026] Pruning old backup: /home/jb/DSAT_REDUX_MD/backups/dsat_dev_20260827_080001.dump
[Fri Sep  4 20:00:03 PDT 2026] Pruning old backup: /home/jb/DSAT_REDUX_MD/backups/dsat_dev_20260827_060001.dump
[Fri Sep  4 20:00:03 PDT 2026] Pruning old backup: /home/jb/DSAT_REDUX_MD/backups/dsat_dev_20260827_040001.dump
[Fri Sep  4 20:00:03 PDT 2026] Pruning old backup: /home/jb/DSAT_REDUX_MD/backups/dsat_dev_20260827_020001.dump
[Fri Sep  4 20:00:03 PDT 2026] Pruning old backup: /home/jb/DSAT_REDUX_MD/backups/dsat_dev_20260827_000001.dump
[Fri Sep  4 20:00:03 PDT 2026] Pruning old backup: /home/jb/DSAT_REDUX_MD/backups/dsat_dev_20260826_220001.dump
[Fri Sep  4 20:00:03 PDT 2026] Pruning old backup: /home/jb/DSAT_REDUX_MD/backups/dsat_dev_20260826_200001.dump
[Fri Sep  4 20:00:03 PDT 2026] Pruning old backup: /home/jb/DSAT_REDUX_MD/backups/dsat_dev_20260826_180001.dump
[Fri Sep  4 20:00:03 PDT 2026] Pruning old backup: /home/jb/DSAT_REDUX_MD/backups/dsat_dev_20260826_160001.dump
[Fri Sep  4 20:00:03 PDT 2026] Pruning old backup: /home/jb/DSAT_REDUX_MD/backups/dsat_dev_20260826_140001.dump
[Fri Sep  4 20:00:03 PDT 2026] Pruning old backup: /home/jb/DSAT_REDUX_MD/backups/dsat_dev_20260826_120001.dump
[Fri Sep  4 20:00:03 PDT 2026] Pruning old backup: /home/jb/DSAT_REDUX_MD/backups/dsat_dev_20260826_100001.dump
[Fri Sep  4 20:00:03 PDT 2026] Pruning old backup: /home/jb/DSAT_REDUX_MD/backups/dsat_dev_20260826_080001.dump
[Fri Sep  4 20:00:03 PDT 2026] Pruning old backup: /home/jb/DSAT_REDUX_MD/backups/dsat_dev_20260826_060001.dump
[Fri Sep  4 20:00:03 PDT 2026] Pruning old backup: /home/jb/DSAT_REDUX_MD/backups/dsat_dev_20260826_040001.dump
[Fri Sep  4 22:00:01 PDT 2026] Starting backup → /home/jb/DSAT_REDUX_MD/backups/dsat_dev_20260904_220001.dump
[Fri Sep  4 22:00:02 PDT 2026] Backup complete: /home/jb/DSAT_REDUX_MD/backups/dsat_dev_20260904_220001.dump (5.7M)
[Fri Sep  4 22:00:02 PDT 2026] Pruning old backup: /home/jb/DSAT_REDUX_MD/backups/dsat_dev_20260904_100001.dump
[Sat Sep  5 00:00:01 PDT 2026] Starting backup → /home/jb/DSAT_REDUX_MD/backups/dsat_dev_20260905_000001.dump
[Sat Sep  5 00:00:02 PDT 2026] Backup complete: /home/jb/DSAT_REDUX_MD/backups/dsat_dev_20260905_000001.dump (5.7M)
[Sat Sep  5 00:00:02 PDT 2026] Pruning old backup: /home/jb/DSAT_REDUX_MD/backups/dsat_dev_20260904_120001.dump
[Sat Sep  5 02:00:01 PDT 2026] Starting backup → /home/jb/DSAT_REDUX_MD/backups/dsat_dev_20260905_020001.dump
[Sat Sep  5 02:00:02 PDT 2026] Backup complete: /home/jb/DSAT_REDUX_MD/backups/dsat_dev_20260905_020001.dump (5.7M)
[Sat Sep  5 02:00:02 PDT 2026] Pruning old backup: /home/jb/DSAT_REDUX_MD/backups/dsat_dev_20260904_140001.dump
[Sat Sep  5 04:00:01 PDT 2026] Starting backup → /home/jb/DSAT_REDUX_MD/backups/dsat_dev_20260905_040001.dump
[Sat Sep  5 04:00:01 PDT 2026] Backup complete: /home/jb/DSAT_REDUX_MD/backups/dsat_dev_20260905_040001.dump (5.7M)
[Sat Sep  5 04:00:01 PDT 2026] Pruning old backup: /home/jb/DSAT_REDUX_MD/backups/dsat_dev_20260904_160001.dump
[Sat Sep  5 06:00:01 PDT 2026] Starting backup → /home/jb/DSAT_REDUX_MD/backups/dsat_dev_20260905_060001.dump
[Sat Sep  5 06:00:01 PDT 2026] Backup complete: /home/jb/DSAT_REDUX_MD/backups/dsat_dev_20260905_060001.dump (5.7M)
[Sat Sep  5 06:00:01 PDT 2026] Pruning old backup: /home/jb/DSAT_REDUX_MD/backups/dsat_dev_20260904_180001.dump
[Sat Sep  5 08:00:01 PDT 2026] Starting backup → /home/jb/DSAT_REDUX_MD/backups/dsat_dev_20260905_080001.dump
[Sat Sep  5 08:00:02 PDT 2026] Backup complete: /home/jb/DSAT_REDUX_MD/backups/dsat_dev_20260905_080001.dump (5.7M)
[Sat Sep  5 08:00:02 PDT 2026] Pruning old backup: /home/jb/DSAT_REDUX_MD/backups/dsat_dev_20260904_200001.dump
[Sat Sep  5 10:00:01 PDT 2026] Starting backup → /home/jb/DSAT_REDUX_MD/backups/dsat_dev_20260905_100001.dump
[Sat Sep  5 10:00:02 PDT 2026] Backup complete: /home/jb/DSAT_REDUX_MD/backups/dsat_dev_20260905_100001.dump (5.7M)
[Sat Sep  5 10:00:02 PDT 2026] Pruning old backup: /home/jb/DSAT_REDUX_MD/backups/dsat_dev_20260904_220001.dump
[Sat Sep  5 12:00:01 PDT 2026] Starting backup → /home/jb/DSAT_REDUX_MD/backups/dsat_dev_20260905_120001.dump
[Sat Sep  5 12:00:02 PDT 2026] Backup complete: /home/jb/DSAT_REDUX_MD/backups/dsat_dev_20260905_120001.dump (5.7M)
[Sat Sep  5 12:00:02 PDT 2026] Pruning old backup: /home/jb/DSAT_REDUX_MD/backups/dsat_dev_20260905_000001.dump
[Sat Sep  5 14:00:01 PDT 2026] Starting backup → /home/jb/DSAT_REDUX_MD/backups/dsat_dev_20260905_140001.dump
[Sat Sep  5 14:00:02 PDT 2026] Backup complete: /home/jb/DSAT_REDUX_MD/backups/dsat_dev_20260905_140001.dump (5.7M)
[Sat Sep  5 14:00:02 PDT 2026] Pruning old backup: /home/jb/DSAT_REDUX_MD/backups/dsat_dev_20260905_020001.dump
[Sat Sep  5 16:00:01 PDT 2026] Starting backup → /home/jb/DSAT_REDUX_MD/backups/dsat_dev_20260905_160001.dump
[Sat Sep  5 16:00:02 PDT 2026] Backup complete: /home/jb/DSAT_REDUX_MD/backups/dsat_dev_20260905_160001.dump (5.7M)
[Sat Sep  5 16:00:02 PDT 2026] Pruning old backup: /home/jb/DSAT_REDUX_MD/backups/dsat_dev_20260905_040001.dump
[Sat Sep  5 18:00:01 PDT 2026] Starting backup → /home/jb/DSAT_REDUX_MD/backups/dsat_dev_20260905_180001.dump
[Sat Sep  5 18:00:02 PDT 2026] Backup complete: /home/jb/DSAT_REDUX_MD/backups/dsat_dev_20260905_180001.dump (5.7M)
[Sat Sep  5 18:00:02 PDT 2026] Pruning old backup: /home/jb/DSAT_REDUX_MD/backups/dsat_dev_20260905_060001.dump
[Sat Sep  5 20:00:01 PDT 2026] Starting backup → /home/jb/DSAT_REDUX_MD/backups/dsat_dev_20260905_200001.dump
[Sat Sep  5 20:00:02 PDT 2026] Backup complete: /home/jb/DSAT_REDUX_MD/backups/dsat_dev_20260905_200001.dump (5.7M)
[Sat Sep  5 20:00:02 PDT 2026] Pruning old backup: /home/jb/DSAT_REDUX_MD/backups/dsat_dev_20260905_080001.dump
[Sat Sep  5 22:00:02 PDT 2026] Starting backup → /home/jb/DSAT_REDUX_MD/backups/dsat_dev_20260905_220002.dump
[Sat Sep  5 22:00:02 PDT 2026] Backup complete: /home/jb/DSAT_REDUX_MD/backups/dsat_dev_20260905_220002.dump (5.7M)
[Sat Sep  5 22:00:02 PDT 2026] Pruning old backup: /home/jb/DSAT_REDUX_MD/backups/dsat_dev_20260905_100001.dump
